id_venda,filial,cidade,tipo_cliente,genero,linha_produto,preco_unitario,quantidade,imposto,valor_total,data_venda,hora_venda,forma_pagamento,custo_mercadoria,margem_percentual,receita_bruta,avaliacao
750678428,Alex,Yangon,Member,Female,Health and beauty,74.69,7,26.1415,548.9715,2019-01-05,13:08:00,Ewallet,522.83,4.761904762,26.1415,9.1
226313081,Giza,Naypyitaw,Normal,Female,Electronic accessories,15.28,5,3.82,80.22,2019-03-08,10:29:00,Cash,76.4,4.761904762,3.82,9.6
631413108,Alex,Yangon,Normal,Female,Home and lifestyle,46.33,7,16.2155,340.5255,2019-03-03,13:23:00,Credit card,324.31,4.761904762,16.2155,7.4
123191176,Alex,Yangon,Member,Female,Health and beauty,58.22,8,23.288,489.048,2019-01-27,20:33:00,Ewallet,465.76,4.761904762,23.288,8.4
373737910,Alex,Yangon,Member,Female,Sports and travel,86.31,7,30.2085,634.3785,2019-02-08,10:37:00,Ewallet,604.17,4.761904762,30.2085,5.3
699143026,Giza,Naypyitaw,Member,Female,Electronic accessories,85.39,7,29.8865,627.6165,2019-03-25,18:30:00,Ewallet,597.73,4.761904762,29.8865,4.1
355535943,Alex,Yangon,Member,Female,Electronic accessories,68.84,6,20.652,433.692,2019-02-25,14:36:00,Ewallet,413.04,4.761904762,20.652,5.8
315225665,Giza,Naypyitaw,Member,Female,Home and lifestyle,73.56,10,36.78,772.38,2019-02-24,11:38:00,Ewallet,735.6,4.761904762,36.78,8.0
665329167,Alex,Yangon,Member,Female,Health and beauty,36.26,2,3.626,76.146,2019-01-10,17:15:00,Credit card,72.52,4.761904762,3.626,7.2
692925582,Cairo,Mandalay,Member,Female,Food and beverages,54.84,3,8.226,172.746,2019-02-20,13:27:00,Credit card,164.52,4.761904762,8.226,5.9
351620822,Cairo,Mandalay,Member,Female,Fashion accessories,14.48,4,2.896,60.816,2019-02-06,18:07:00,Ewallet,57.92,4.761904762,2.896,4.5
529563974,Cairo,Mandalay,Member,Female,Electronic accessories,25.51,4,5.102,107.142,2019-03-09,17:03:00,Cash,102.04,4.761904762,5.102,6.8
365640515,Alex,Yangon,Member,Female,Electronic accessories,46.95,5,11.7375,246.4875,2019-02-12,10:25:00,Ewallet,234.75,4.761904762,11.7375,7.1
252562699,Alex,Yangon,Member,Female,Food and beverages,43.19,10,21.595,453.495,2019-02-07,16:48:00,Ewallet,431.9,4.761904762,21.595,8.2
829343910,Alex,Yangon,Member,Female,Health and beauty,71.38,10,35.69,749.49,2019-03-29,19:21:00,Cash,713.8,4.761904762,35.69,5.7
299461805,Cairo,Mandalay,Member,Female,Sports and travel,93.72,6,28.116,590.436,2019-01-15,16:19:00,Cash,562.32,4.761904762,28.116,4.5
656959349,Alex,Yangon,Member,Female,Health and beauty,68.93,7,24.1255,506.6355,2019-03-11,11:03:00,Credit card,482.51,4.761904762,24.1255,4.6
765266951,Alex,Yangon,Member,Female,Sports and travel,72.61,6,21.783,457.443,2019-01-01,10:39:00,Credit card,435.66,4.761904762,21.783,6.9
329621586,Alex,Yangon,Member,Female,Food and beverages,54.67,3,8.2005,172.2105,2019-01-21,18:00:00,Credit card,164.01,4.761904762,8.2005,8.6
319503348,Cairo,Mandalay,Member,Female,Home and lifestyle,40.3,2,4.03,84.63,2019-03-11,15:30:00,Ewallet,80.6,4.761904762,4.03,4.4
300714605,Giza,Naypyitaw,Member,Female,Electronic accessories,86.04,5,21.51,451.71,2019-02-25,11:24:00,Ewallet,430.2,4.761904762,21.51,4.8
371855789,Cairo,Mandalay,Member,Female,Health and beauty,87.98,3,13.197,277.137,2019-03-05,10:40:00,Ewallet,263.94,4.761904762,13.197,5.1
273166619,Cairo,Mandalay,Member,Female,Home and lifestyle,33.2,2,3.32,69.72,2019-03-15,12:20:00,Credit card,66.4,4.761904762,3.32,4.4
636488204,Alex,Yangon,Member,Female,Electronic accessories,34.56,5,8.64,181.44,2019-02-17,11:15:00,Ewallet,172.8,4.761904762,8.64,9.9
549591358,Alex,Yangon,Member,Female,Sports and travel,88.63,3,13.2945,279.1845,2019-03-02,17:36:00,Ewallet,265.89,4.761904762,13.2945,6.0
227035010,Alex,Yangon,Member,Female,Home and lifestyle,52.59,8,21.036,441.756,2019-03-22,19:20:00,Credit card,420.72,4.761904762,21.036,8.5
649296775,Cairo,Mandalay,Member,Female,Fashion accessories,33.52,1,1.676,35.196,2019-02-08,15:31:00,Cash,33.52,4.761904762,1.676,6.7
189174241,Alex,Yangon,Member,Female,Fashion accessories,87.67,2,8.767,184.107,2019-03-10,12:17:00,Credit card,175.34,4.761904762,8.767,7.7
145949061,Cairo,Mandalay,Member,Female,Food and beverages,88.36,5,22.09,463.89,2019-01-25,19:48:00,Cash,441.8,4.761904762,22.09,9.6
848627243,Alex,Yangon,Member,Female,Health and beauty,24.89,9,11.2005,235.2105,2019-03-15,15:36:00,Cash,224.01,4.761904762,11.2005,7.4
871798483,Cairo,Mandalay,Member,Female,Fashion accessories,94.13,5,23.5325,494.1825,2019-02-25,19:39:00,Credit card,470.65,4.761904762,23.5325,4.8
149716266,Cairo,Mandalay,Member,Female,Sports and travel,78.07,9,35.1315,737.7615,2019-01-28,12:43:00,Cash,702.63,4.761904762,35.1315,4.5
640492076,Cairo,Mandalay,Member,Female,Sports and travel,83.78,8,33.512,703.752,2019-01-10,14:49:00,Cash,670.24,4.761904762,33.512,5.1
595115460,Alex,Yangon,Member,Female,Health and beauty,96.58,2,9.658,202.818,2019-03-15,10:12:00,Credit card,193.16,4.761904762,9.658,5.1
183566882,Giza,Naypyitaw,Member,Female,Food and beverages,99.42,4,19.884,417.564,2019-02-06,10:42:00,Ewallet,397.68,4.761904762,19.884,7.5
232162483,Giza,Naypyitaw,Member,Female,Sports and travel,68.12,1,3.406,71.526,2019-01-07,12:28:00,Ewallet,68.12,4.761904762,3.406,6.8
129298530,Alex,Yangon,Member,Female,Sports and travel,62.62,5,15.655,328.755,2019-03-10,19:15:00,Ewallet,313.1,4.761904762,15.655,7.0
272651806,Alex,Yangon,Member,Female,Electronic accessories,60.88,9,27.396,575.316,2019-01-15,17:17:00,Ewallet,547.92,4.761904762,27.396,4.7
333737901,Giza,Naypyitaw,Member,Female,Health and beauty,54.92,8,21.968,461.328,2019-03-23,13:24:00,Ewallet,439.36,4.761904762,21.968,7.6
777827220,Cairo,Mandalay,Member,Female,Home and lifestyle,30.12,8,12.048,253.008,2019-03-03,13:01:00,Cash,240.96,4.761904762,12.048,7.7
280355823,Cairo,Mandalay,Member,Female,Home and lifestyle,86.72,1,4.336,91.056,2019-01-17,18:45:00,Ewallet,86.72,4.761904762,4.336,7.9
554538700,Giza,Naypyitaw,Member,Female,Home and lifestyle,56.11,2,5.611,117.831,2019-02-02,10:11:00,Cash,112.22,4.761904762,5.611,6.3
354255821,Cairo,Mandalay,Member,Female,Sports and travel,69.12,6,20.736,435.456,2019-02-08,13:03:00,Cash,414.72,4.761904762,20.736,5.6
228961411,Giza,Naypyitaw,Member,Female,Food and beverages,98.7,8,39.48,829.08,2019-03-04,20:39:00,Cash,789.6,4.761904762,39.48,7.6
617154209,Giza,Naypyitaw,Member,Female,Health and beauty,15.37,2,1.537,32.277,2019-03-16,19:47:00,Cash,30.74,4.761904762,1.537,7.2
132329879,Cairo,Mandalay,Member,Female,Electronic accessories,93.96,4,18.792,394.632,2019-03-09,18:00:00,Cash,375.84,4.761904762,18.792,9.5
370417321,Cairo,Mandalay,Member,Female,Health and beauty,56.69,9,25.5105,535.7205,2019-02-27,17:24:00,Credit card,510.21,4.761904762,25.5105,8.4
727463608,Cairo,Mandalay,Member,Female,Food and beverages,20.01,9,9.0045,189.0945,2019-02-06,15:47:00,Ewallet,180.09,4.761904762,9.0045,4.1
669541719,Cairo,Mandalay,Member,Female,Electronic accessories,18.93,6,5.679,119.259,2019-02-10,12:45:00,Credit card,113.58,4.761904762,5.679,8.1
574225561,Giza,Naypyitaw,Member,Female,Fashion accessories,82.63,10,41.315,867.615,2019-03-19,17:08:00,Ewallet,826.3,4.761904762,41.315,7.9
326785178,Giza,Naypyitaw,Member,Female,Food and beverages,91.4,7,31.99,671.79,2019-02-03,10:19:00,Cash,639.8,4.761904762,31.99,9.5
162488011,Alex,Yangon,Member,Female,Food and beverages,44.59,5,11.1475,234.0975,2019-02-10,15:10:00,Cash,222.95,4.761904762,11.1475,8.5
616242851,Cairo,Mandalay,Member,Female,Fashion accessories,17.87,4,3.574,75.054,2019-03-22,14:42:00,Ewallet,71.48,4.761904762,3.574,6.5
778715554,Giza,Naypyitaw,Member,Female,Fashion accessories,15.43,1,0.7715,16.2015,2019-01-25,15:46:00,Credit card,15.43,4.761904762,0.7715,6.1
242556721,Cairo,Mandalay,Member,Female,Home and lifestyle,16.16,2,1.616,33.936,2019-03-07,11:49:00,Ewallet,32.32,4.761904762,1.616,6.5
399465918,Giza,Naypyitaw,Member,Female,Electronic accessories,85.98,8,34.392,722.232,2019-02-28,19:01:00,Cash,687.84,4.761904762,34.392,8.2
106356779,Alex,Yangon,Member,Female,Home and lifestyle,44.34,2,4.434,93.114,2019-03-27,11:26:00,Cash,88.68,4.761904762,4.434,5.8
635406220,Alex,Yangon,Member,Female,Health and beauty,89.6,8,35.84,752.64,2019-02-07,11:28:00,Ewallet,716.8,4.761904762,35.84,6.6
817488732,Alex,Yangon,Member,Female,Home and lifestyle,72.35,10,36.175,759.675,2019-01-20,15:55:00,Cash,723.5,4.761904762,36.175,5.4
120064233,Giza,Naypyitaw,Member,Female,Electronic accessories,30.61,6,9.183,192.843,2019-03-12,20:36:00,Cash,183.66,4.761904762,9.183,9.3
285685083,Giza,Naypyitaw,Member,Female,Sports and travel,24.74,3,3.711,77.931,2019-02-15,17:47:00,Credit card,74.22,4.761904762,3.711,10.0
803835989,Giza,Naypyitaw,Member,Female,Home and lifestyle,55.73,6,16.719,351.099,2019-02-24,10:55:00,Ewallet,334.38,4.761904762,16.719,7.0
347342234,Cairo,Mandalay,Member,Female,Sports and travel,55.07,9,24.7815,520.4115,2019-02-03,13:40:00,Ewallet,495.63,4.761904762,24.7815,10.0
199758169,Alex,Yangon,Member,Female,Sports and travel,15.81,10,7.905,166.005,2019-03-06,12:27:00,Credit card,158.1,4.761904762,7.905,8.6
853232453,Cairo,Mandalay,Member,Female,Health and beauty,75.74,4,15.148,318.108,2019-02-14,14:35:00,Cash,302.96,4.761904762,15.148,7.6
877223308,Alex,Yangon,Member,Female,Health and beauty,15.87,10,7.935,166.635,2019-03-13,16:40:00,Cash,158.7,4.761904762,7.935,5.8
838784295,Giza,Naypyitaw,Member,Female,Health and beauty,33.47,2,3.347,70.287,2019-02-10,15:43:00,Ewallet,66.94,4.761904762,3.347,6.7
109282512,Cairo,Mandalay,Member,Female,Fashion accessories,97.61,6,29.283,614.943,2019-01-07,15:01:00,Ewallet,585.66,4.761904762,29.283,9.9
232113025,Alex,Yangon,Member,Female,Sports and travel,78.77,10,39.385,827.085,2019-01-24,10:04:00,Cash,787.7,4.761904762,39.385,6.4
382034532,Alex,Yangon,Member,Female,Health and beauty,18.33,1,0.9165,19.2465,2019-02-02,18:50:00,Cash,18.33,4.761904762,0.9165,4.3
393652792,Giza,Naypyitaw,Member,Female,Food and beverages,89.48,10,44.74,939.54,2019-01-06,12:46:00,Credit card,894.8,4.761904762,44.74,9.6
796122025,Giza,Naypyitaw,Member,Female,Fashion accessories,62.12,10,31.06,652.26,2019-02-11,16:19:00,Cash,621.2,4.761904762,31.06,5.9
510956347,Cairo,Mandalay,Member,Female,Food and beverages,48.52,3,7.278,152.838,2019-03-05,18:17:00,Ewallet,145.56,4.761904762,7.278,4.0
841356630,Giza,Naypyitaw,Member,Female,Electronic accessories,75.91,6,22.773,478.233,2019-03-09,18:21:00,Cash,455.46,4.761904762,22.773,8.7
287219091,Alex,Yangon,Member,Female,Home and lifestyle,74.67,9,33.6015,705.6315,2019-01-22,10:55:00,Ewallet,672.03,4.761904762,33.6015,9.4
732940499,Giza,Naypyitaw,Member,Female,Electronic accessories,41.65,10,20.825,437.325,2019-01-13,17:04:00,Credit card,416.5,4.761904762,20.825,5.4
263103913,Giza,Naypyitaw,Member,Female,Fashion accessories,49.04,9,22.068,463.428,2019-01-09,14:20:00,Credit card,441.36,4.761904762,22.068,8.6
381200914,Alex,Yangon,Member,Female,Fashion accessories,20.01,9,9.0045,189.0945,2019-01-12,15:48:00,Credit card,180.09,4.761904762,9.0045,5.7
829491914,Giza,Naypyitaw,Member,Female,Food and beverages,78.31,10,39.155,822.255,2019-03-05,16:24:00,Ewallet,783.1,4.761904762,39.155,6.6
756017507,Giza,Naypyitaw,Member,Female,Health and beauty,20.38,5,5.095,106.995,2019-01-22,18:56:00,Cash,101.9,4.761904762,5.095,6.0
870724431,Giza,Naypyitaw,Member,Female,Health and beauty,99.19,6,29.757,624.897,2019-01-21,14:42:00,Credit card,595.14,4.761904762,29.757,5.5
847387188,Cairo,Mandalay,Member,Female,Food and beverages,96.68,3,14.502,304.542,2019-01-26,19:56:00,Ewallet,290.04,4.761904762,14.502,6.4
480632856,Giza,Naypyitaw,Member,Female,Food and beverages,19.25,8,7.7,161.7,2019-01-23,18:37:00,Ewallet,154.0,4.761904762,7.7,6.6
787560757,Giza,Naypyitaw,Member,Female,Food and beverages,80.36,4,16.072,337.512,2019-02-23,18:45:00,Credit card,321.44,4.761904762,16.072,8.3
360395055,Giza,Naypyitaw,Member,Female,Sports and travel,48.91,5,12.2275,256.7775,2019-03-09,10:17:00,Cash,244.55,4.761904762,12.2275,6.6
730509884,Giza,Naypyitaw,Member,Female,Sports and travel,83.06,7,29.071,610.491,2019-03-05,14:31:00,Ewallet,581.42,4.761904762,29.071,4.0
362588315,Giza,Naypyitaw,Member,Female,Fashion accessories,76.52,5,19.13,401.73,2019-03-25,10:23:00,Cash,382.6,4.761904762,19.13,9.9
633448566,Alex,Yangon,Member,Female,Food and beverages,49.38,7,17.283,362.943,2019-03-27,20:35:00,Credit card,345.66,4.761904762,17.283,7.3
504358843,Alex,Yangon,Member,Female,Sports and travel,42.47,1,2.1235,44.5935,2019-01-02,16:57:00,Cash,42.47,4.761904762,2.1235,5.7
318685053,Cairo,Mandalay,Member,Female,Health and beauty,76.99,6,23.097,485.037,2019-02-27,17:55:00,Cash,461.94,4.761904762,23.097,6.1
565805980,Giza,Naypyitaw,Member,Female,Home and lifestyle,47.38,4,9.476,198.996,2019-01-23,10:25:00,Cash,189.52,4.761904762,9.476,7.1
225320908,Giza,Naypyitaw,Member,Female,Sports and travel,44.86,10,22.43,471.03,2019-01-26,19:54:00,Ewallet,448.6,4.761904762,22.43,8.2
873510671,Alex,Yangon,Member,Female,Sports and travel,21.98,7,7.693,161.553,2019-01-10,16:42:00,Ewallet,153.86,4.761904762,7.693,5.1
152089985,Cairo,Mandalay,Member,Female,Health and beauty,64.36,9,28.962,608.202,2019-03-12,12:09:00,Credit card,579.24,4.761904762,28.962,8.6
512910811,Giza,Naypyitaw,Member,Female,Health and beauty,89.75,1,4.4875,94.2375,2019-02-06,20:05:00,Credit card,89.75,4.761904762,4.4875,6.6
594344444,Alex,Yangon,Member,Female,Electronic accessories,97.16,1,4.858,102.018,2019-03-08,20:38:00,Ewallet,97.16,4.761904762,4.858,7.2
766857061,Cairo,Mandalay,Member,Female,Health and beauty,87.87,10,43.935,922.635,2019-03-29,10:25:00,Ewallet,878.7,4.761904762,43.935,5.1
871399221,Giza,Naypyitaw,Member,Female,Electronic accessories,12.45,6,3.735,78.435,2019-02-09,13:11:00,Cash,74.7,4.761904762,3.735,4.1
865926136,Alex,Yangon,Member,Female,Food and beverages,52.75,3,7.9125,166.1625,2019-03-23,10:16:00,Ewallet,158.25,4.761904762,7.9125,9.3
733019107,Cairo,Mandalay,Member,Female,Home and lifestyle,82.7,6,24.81,521.01,2019-03-05,18:14:00,Cash,496.2,4.761904762,24.81,7.4
163567055,Giza,Naypyitaw,Member,Female,Fashion accessories,48.71,1,2.4355,51.1455,2019-03-26,19:20:00,Cash,48.71,4.761904762,2.4355,4.1
189982939,Giza,Naypyitaw,Member,Female,Fashion accessories,78.55,9,35.3475,742.2975,2019-03-01,13:22:00,Cash,706.95,4.761904762,35.3475,7.2
551213069,Giza,Naypyitaw,Member,Female,Electronic accessories,23.07,9,10.3815,218.0115,2019-02-01,11:27:00,Cash,207.63,4.761904762,10.3815,4.9
212621842,Alex,Yangon,Member,Female,Food and beverages,58.26,6,17.478,367.038,2019-03-28,16:44:00,Cash,349.56,4.761904762,17.478,9.9
716391409,Cairo,Mandalay,Member,Female,Health and beauty,30.35,7,10.6225,223.0725,2019-03-19,18:19:00,Cash,212.45,4.761904762,10.6225,8.0
704483927,Alex,Yangon,Member,Female,Electronic accessories,88.67,10,44.335,931.035,2019-01-12,14:50:00,Ewallet,886.7,4.761904762,44.335,7.3
628343388,Giza,Naypyitaw,Member,Female,Fashion accessories,27.38,6,8.214,172.494,2019-01-05,20:54:00,Credit card,164.28,4.761904762,8.214,7.9
630745166,Alex,Yangon,Member,Female,Sports and travel,62.13,6,18.639,391.419,2019-03-22,20:19:00,Cash,372.78,4.761904762,18.639,7.4
588017461,Giza,Naypyitaw,Member,Female,Food and beverages,33.98,9,15.291,321.111,2019-03-24,10:43:00,Cash,305.82,4.761904762,15.291,4.2
861770145,Giza,Naypyitaw,Member,Female,Electronic accessories,81.97,10,40.985,860.685,2019-03-03,14:30:00,Cash,819.7,4.761904762,40.985,9.2
479268945,Cairo,Mandalay,Member,Female,Sports and travel,16.49,2,1.649,34.629,2019-02-05,11:32:00,Ewallet,32.98,4.761904762,1.649,4.6
210675886,Giza,Naypyitaw,Member,Female,Health and beauty,98.21,3,14.7315,309.3615,2019-02-05,10:41:00,Credit card,294.63,4.761904762,14.7315,7.8
227781148,Cairo,Mandalay,Member,Female,Fashion accessories,72.84,7,25.494,535.374,2019-02-15,12:44:00,Cash,509.88,4.761904762,25.494,8.4
645441170,Alex,Yangon,Member,Female,Home and lifestyle,58.07,9,26.1315,548.7615,2019-01-19,20:07:00,Ewallet,522.63,4.761904762,26.1315,4.3
237016122,Giza,Naypyitaw,Member,Female,Home and lifestyle,80.79,9,36.3555,763.4655,2019-02-01,20:31:00,Credit card,727.11,4.761904762,36.3555,9.5
225981496,Giza,Naypyitaw,Member,Female,Fashion accessories,27.02,3,4.053,85.113,2019-03-02,13:01:00,Credit card,81.06,4.761904762,4.053,7.1
291321427,Cairo,Mandalay,Member,Female,Fashion accessories,21.94,5,5.485,115.185,2019-03-05,12:29:00,Ewallet,109.7,4.761904762,5.485,5.3
659658956,Cairo,Mandalay,Member,Female,Fashion accessories,51.36,1,2.568,53.928,2019-01-16,15:26:00,Ewallet,51.36,4.761904762,2.568,5.2
642322990,Alex,Yangon,Member,Female,Food and beverages,10.96,10,5.48,115.08,2019-02-02,20:48:00,Ewallet,109.6,4.761904762,5.48,6.0
378242715,Cairo,Mandalay,Member,Female,Home and lifestyle,53.44,2,5.344,112.224,2019-01-20,20:38:00,Ewallet,106.88,4.761904762,5.344,4.1
638607125,Alex,Yangon,Member,Female,Electronic accessories,99.56,8,39.824,836.304,2019-02-14,17:03:00,Credit card,796.48,4.761904762,39.824,5.2
659361684,Giza,Naypyitaw,Member,Female,Sports and travel,57.12,7,19.992,419.832,2019-01-12,12:02:00,Credit card,399.84,4.761904762,19.992,6.5
219229386,Cairo,Mandalay,Member,Female,Sports and travel,99.96,9,44.982,944.622,2019-03-09,17:26:00,Credit card,899.64,4.761904762,44.982,4.2
336782147,Giza,Naypyitaw,Member,Female,Home and lifestyle,63.91,8,25.564,536.844,2019-03-13,19:52:00,Credit card,511.28,4.761904762,25.564,4.6
268276179,Cairo,Mandalay,Member,Female,Fashion accessories,56.47,8,22.588,474.348,2019-03-09,14:57:00,Ewallet,451.76,4.761904762,22.588,7.3
668908900,Alex,Yangon,Member,Female,Home and lifestyle,93.69,7,32.7915,688.6215,2019-03-10,18:44:00,Credit card,655.83,4.761904762,32.7915,4.5
870543162,Alex,Yangon,Member,Female,Sports and travel,32.25,5,8.0625,169.3125,2019-01-27,13:26:00,Cash,161.25,4.761904762,8.0625,9.0
189089157,Giza,Naypyitaw,Member,Female,Fashion accessories,31.73,9,14.2785,299.8485,2019-01-08,16:17:00,Credit card,285.57,4.761904762,14.2785,5.9
663869076,Giza,Naypyitaw,Member,Female,Food and beverages,68.54,8,27.416,575.736,2019-01-08,15:57:00,Ewallet,548.32,4.761904762,27.416,8.5
549847482,Cairo,Mandalay,Member,Female,Sports and travel,90.28,9,40.626,853.146,2019-02-08,11:15:00,Ewallet,812.52,4.761904762,40.626,7.2
191106171,Cairo,Mandalay,Normal,Female,Fashion accessories,39.62,7,13.867,291.207,2019-01-25,13:18:00,Cash,277.34,4.761904762,13.867,7.5
802705316,Alex,Yangon,Member,Female,Sports and travel,92.13,6,27.639,580.419,2019-03-06,20:34:00,Cash,552.78,4.761904762,27.639,8.3
695510018,Cairo,Mandalay,Normal,Female,Sports and travel,34.84,4,6.968,146.328,2019-02-10,18:36:00,Cash,139.36,4.761904762,6.968,7.4
590834591,Cairo,Mandalay,Member,Female,Electronic accessories,87.45,6,26.235,550.935,2019-02-17,14:40:00,Credit card,524.7,4.761904762,26.235,8.8
483711164,Giza,Naypyitaw,Normal,Female,Health and beauty,81.3,6,24.39,512.19,2019-03-08,16:43:00,Ewallet,487.8,4.761904762,24.39,5.3
597787908,Giza,Naypyitaw,Normal,Female,Fashion accessories,90.22,3,13.533,284.193,2019-02-18,19:39:00,Cash,270.66,4.761904762,13.533,6.2
700811757,Alex,Yangon,Normal,Female,Electronic accessories,26.31,5,6.5775,138.1275,2019-01-18,20:59:00,Credit card,131.55,4.761904762,6.5775,8.8
354395160,Alex,Yangon,Member,Female,Home and lifestyle,34.42,6,10.326,216.846,2019-02-18,15:39:00,Cash,206.52,4.761904762,10.326,9.8
241729525,Cairo,Mandalay,Normal,Female,Sports and travel,51.91,10,25.955,545.055,2019-02-16,12:21:00,Cash,519.1,4.761904762,25.955,8.2
575308091,Alex,Yangon,Normal,Female,Sports and travel,72.5,8,29.0,609.0,2019-03-16,19:25:00,Ewallet,580.0,4.761904762,29.0,9.2
731819469,Giza,Naypyitaw,Member,Female,Sports and travel,89.8,10,44.9,942.9,2019-01-23,13:00:00,Credit card,898.0,4.761904762,44.9,5.4
280174359,Giza,Naypyitaw,Member,Male,Health and beauty,90.5,10,45.25,950.25,2019-01-25,13:48:00,Cash,905.0,4.761904762,45.25,8.1
338652210,Giza,Naypyitaw,Member,Female,Health and beauty,68.6,10,34.3,720.3,2019-02-05,19:57:00,Cash,686.0,4.761904762,34.3,9.1
488254221,Giza,Naypyitaw,Member,Female,Food and beverages,30.41,1,1.5205,31.9305,2019-02-22,10:36:00,Credit card,30.41,4.761904762,1.5205,8.4
239107476,Alex,Yangon,Normal,Female,Home and lifestyle,77.95,6,23.385,491.085,2019-01-21,16:37:00,Ewallet,467.7,4.761904762,23.385,8.0
458411477,Giza,Naypyitaw,Normal,Female,Health and beauty,46.26,6,13.878,291.438,2019-03-08,17:11:00,Credit card,277.56,4.761904762,13.878,9.5
685641609,Alex,Yangon,Member,Female,Fashion accessories,30.14,10,15.07,316.47,2019-02-10,12:28:00,Ewallet,301.4,4.761904762,15.07,9.2
568905112,Giza,Naypyitaw,Normal,Male,Health and beauty,66.14,4,13.228,277.788,2019-03-19,12:46:00,Credit card,264.56,4.761904762,13.228,5.6
262472794,Cairo,Mandalay,Member,Male,Home and lifestyle,71.86,8,28.744,603.624,2019-03-06,15:07:00,Credit card,574.88,4.761904762,28.744,6.2
238490436,Alex,Yangon,Normal,Male,Health and beauty,32.46,8,12.984,272.664,2019-03-27,13:48:00,Credit card,259.68,4.761904762,12.984,4.9
608963517,Cairo,Mandalay,Member,Female,Fashion accessories,91.54,4,18.308,384.468,2019-03-23,19:20:00,Credit card,366.16,4.761904762,18.308,4.8
584867256,Giza,Naypyitaw,Member,Male,Sports and travel,34.56,7,12.096,254.016,2019-03-11,16:07:00,Credit card,241.92,4.761904762,12.096,7.3
746940204,Alex,Yangon,Normal,Male,Fashion accessories,83.24,9,37.458,786.618,2019-01-29,11:56:00,Credit card,749.16,4.761904762,37.458,7.4
214176927,Giza,Naypyitaw,Normal,Female,Food and beverages,16.48,6,4.944,103.824,2019-02-07,18:23:00,Ewallet,98.88,4.761904762,4.944,9.9
400894171,Giza,Naypyitaw,Normal,Female,Sports and travel,80.97,8,32.388,680.148,2019-01-28,13:05:00,Cash,647.76,4.761904762,32.388,9.3
782959291,Alex,Yangon,Member,Male,Food and beverages,92.29,5,23.0725,484.5225,2019-02-20,15:55:00,Credit card,461.45,4.761904762,23.0725,9.0
279742924,Cairo,Mandalay,Member,Male,Electronic accessories,72.17,1,3.6085,75.7785,2019-01-04,19:40:00,Cash,72.17,4.761904762,3.6085,6.1
307852293,Cairo,Mandalay,Normal,Male,Home and lifestyle,50.28,5,12.57,263.97,2019-03-07,13:58:00,Ewallet,251.4,4.761904762,12.57,9.7
743041105,Cairo,Mandalay,Member,Male,Health and beauty,97.22,9,43.749,918.729,2019-03-30,14:43:00,Ewallet,874.98,4.761904762,43.749,6.0
423572993,Cairo,Mandalay,Normal,Male,Sports and travel,93.39,6,28.017,588.357,2019-03-27,19:18:00,Ewallet,560.34,4.761904762,28.017,10.0
894415205,Giza,Naypyitaw,Normal,Female,Food and beverages,43.18,8,17.272,362.712,2019-01-19,19:39:00,Credit card,345.44,4.761904762,17.272,8.3
275280149,Alex,Yangon,Normal,Male,Sports and travel,63.69,1,3.1845,66.8745,2019-02-25,16:21:00,Cash,63.69,4.761904762,3.1845,6.0
101176199,Alex,Yangon,Normal,Male,Food and beverages,45.79,7,16.0265,336.5565,2019-03-13,19:44:00,Credit card,320.53,4.761904762,16.0265,7.0
423800988,Giza,Naypyitaw,Normal,Male,Sports and travel,76.4,2,7.64,160.44,2019-01-30,19:42:00,Ewallet,152.8,4.761904762,7.64,6.5
548469322,Cairo,Mandalay,Normal,Male,Food and beverages,39.9,10,19.95,418.95,2019-02-20,15:24:00,Credit card,399.0,4.761904762,19.95,5.9
505020892,Cairo,Mandalay,Member,Male,Health and beauty,42.57,8,17.028,357.588,2019-02-25,14:12:00,Ewallet,340.56,4.761904762,17.028,5.6
234652137,Giza,Naypyitaw,Normal,Male,Home and lifestyle,95.58,10,47.79,1003.59,2019-01-16,13:32:00,Cash,955.8,4.761904762,47.79,4.8
687478271,Alex,Yangon,Normal,Male,Fashion accessories,98.98,10,49.49,1039.29,2019-02-08,16:20:00,Credit card,989.8,4.761904762,49.49,8.7
796329050,Alex,Yangon,Normal,Male,Food and beverages,51.28,6,15.384,323.064,2019-01-19,16:31:00,Cash,307.68,4.761904762,15.384,6.5
105311824,Alex,Yangon,Member,Male,Sports and travel,69.52,7,24.332,510.972,2019-02-01,15:10:00,Credit card,486.64,4.761904762,24.332,8.5
249423782,Alex,Yangon,Normal,Male,Health and beauty,70.01,5,17.5025,367.5525,2019-01-03,11:36:00,Ewallet,350.05,4.761904762,17.5025,5.5
316554634,Cairo,Mandalay,Member,Male,Food and beverages,80.05,5,20.0125,420.2625,2019-01-26,12:45:00,Credit card,400.25,4.761904762,20.0125,9.4
733334967,Giza,Naypyitaw,Normal,Male,Electronic accessories,20.85,8,8.34,175.14,2019-03-03,19:17:00,Cash,166.8,4.761904762,8.34,6.3
608276295,Cairo,Mandalay,Member,Male,Electronic accessories,52.89,6,15.867,333.207,2019-01-19,17:34:00,Credit card,317.34,4.761904762,15.867,9.8
414127047,Cairo,Mandalay,Normal,Male,Food and beverages,19.79,8,7.916,166.236,2019-01-18,12:04:00,Ewallet,158.32,4.761904762,7.916,8.7
827262100,Alex,Yangon,Member,Male,Home and lifestyle,33.84,9,15.228,319.788,2019-03-21,16:21:00,Ewallet,304.56,4.761904762,15.228,8.8
175542529,Alex,Yangon,Member,Male,Food and beverages,22.17,8,8.868,186.228,2019-03-03,17:01:00,Credit card,177.36,4.761904762,8.868,9.6
139522867,Giza,Naypyitaw,Normal,Female,Fashion accessories,22.51,7,7.8785,165.4485,2019-02-13,10:50:00,Credit card,157.57,4.761904762,7.8785,4.8
407638975,Alex,Yangon,Normal,Male,Food and beverages,73.88,6,22.164,465.444,2019-03-23,19:16:00,Ewallet,443.28,4.761904762,22.164,4.4
342654817,Giza,Naypyitaw,Member,Male,Health and beauty,86.8,3,13.02,273.42,2019-01-28,16:47:00,Ewallet,260.4,4.761904762,13.02,9.9
130988941,Giza,Naypyitaw,Normal,Male,Fashion accessories,64.26,7,22.491,472.311,2019-02-09,10:00:00,Cash,449.82,4.761904762,22.491,5.7
434839547,Giza,Naypyitaw,Member,Male,Food and beverages,38.47,8,15.388,323.148,2019-01-23,11:51:00,Cash,307.76,4.761904762,15.388,7.7
851286367,Alex,Yangon,Member,Male,Sports and travel,15.5,10,7.75,162.75,2019-03-23,10:55:00,Ewallet,155.0,4.761904762,7.75,8.0
824883614,Giza,Naypyitaw,Normal,Male,Health and beauty,34.31,8,13.724,288.204,2019-01-25,15:00:00,Ewallet,274.48,4.761904762,13.724,5.7
586250848,Alex,Yangon,Normal,Female,Sports and travel,12.34,7,4.319,90.699,2019-03-04,11:19:00,Credit card,86.38,4.761904762,4.319,6.7
895660685,Cairo,Mandalay,Member,Male,Food and beverages,18.08,3,2.712,56.952,2019-03-05,19:46:00,Ewallet,54.24,4.761904762,2.712,8.0
305140245,Cairo,Mandalay,Member,Female,Home and lifestyle,94.49,8,37.796,793.716,2019-03-03,19:00:00,Ewallet,755.92,4.761904762,37.796,7.5
732045373,Cairo,Mandalay,Member,Male,Home and lifestyle,46.47,4,9.294,195.174,2019-02-08,10:53:00,Cash,185.88,4.761904762,9.294,7.0
400607251,Alex,Yangon,Normal,Male,Home and lifestyle,74.07,1,3.7035,77.7735,2019-02-10,12:50:00,Ewallet,74.07,4.761904762,3.7035,9.9
593651552,Giza,Naypyitaw,Normal,Female,Home and lifestyle,69.81,4,13.962,293.202,2019-01-28,20:50:00,Credit card,279.24,4.761904762,13.962,5.9
284349626,Cairo,Mandalay,Normal,Female,Home and lifestyle,77.04,3,11.556,242.676,2019-02-11,10:39:00,Credit card,231.12,4.761904762,11.556,7.2
437588131,Cairo,Mandalay,Normal,Female,Fashion accessories,73.52,2,7.352,154.392,2019-01-15,13:41:00,Ewallet,147.04,4.761904762,7.352,4.6
286436208,Giza,Naypyitaw,Normal,Female,Food and beverages,87.8,9,39.51,829.71,2019-03-16,19:08:00,Cash,790.2,4.761904762,39.51,9.2
641432399,Cairo,Mandalay,Normal,Male,Home and lifestyle,25.55,4,5.11,107.31,2019-01-26,20:23:00,Ewallet,102.2,4.761904762,5.11,5.7
831076050,Alex,Yangon,Normal,Male,Electronic accessories,32.71,5,8.1775,171.7275,2019-03-19,11:30:00,Credit card,163.55,4.761904762,8.1775,9.9
556863144,Giza,Naypyitaw,Member,Female,Fashion accessories,74.29,1,3.7145,78.0045,2019-01-13,19:30:00,Cash,74.29,4.761904762,3.7145,5.0
848249445,Giza,Naypyitaw,Member,Male,Health and beauty,43.7,2,4.37,91.77,2019-03-26,18:03:00,Cash,87.4,4.761904762,4.37,4.9
856228149,Alex,Yangon,Normal,Female,Home and lifestyle,25.29,1,1.2645,26.5545,2019-03-23,10:13:00,Ewallet,25.29,4.761904762,1.2645,6.1
699014164,Giza,Naypyitaw,Normal,Male,Health and beauty,41.5,4,8.3,174.3,2019-03-12,19:58:00,Credit card,166.0,4.761904762,8.3,8.2
420114919,Giza,Naypyitaw,Member,Female,Food and beverages,71.39,5,17.8475,374.7975,2019-02-17,19:57:00,Credit card,356.95,4.761904762,17.8475,5.5
606804905,Giza,Naypyitaw,Member,Female,Sports and travel,19.15,6,5.745,120.645,2019-01-29,10:01:00,Credit card,114.9,4.761904762,5.745,6.8
542410513,Cairo,Mandalay,Member,Female,Electronic accessories,57.49,4,11.498,241.458,2019-03-15,11:57:00,Cash,229.96,4.761904762,11.498,6.6
426392418,Giza,Naypyitaw,Normal,Male,Electronic accessories,61.41,7,21.4935,451.3635,2019-01-14,10:02:00,Cash,429.87,4.761904762,21.4935,9.8
875465808,Cairo,Mandalay,Member,Male,Health and beauty,25.9,10,12.95,271.95,2019-02-06,14:51:00,Ewallet,259.0,4.761904762,12.95,8.7
394434238,Cairo,Mandalay,Member,Male,Home and lifestyle,17.77,5,4.4425,93.2925,2019-02-15,12:42:00,Credit card,88.85,4.761904762,4.4425,5.4
749241565,Alex,Yangon,Normal,Female,Health and beauty,23.03,9,10.3635,217.6335,2019-01-03,12:02:00,Ewallet,207.27,4.761904762,10.3635,7.9
672518681,Giza,Naypyitaw,Member,Female,Electronic accessories,66.65,9,29.9925,629.8425,2019-01-04,18:19:00,Credit card,599.85,4.761904762,29.9925,9.7
263875680,Giza,Naypyitaw,Member,Female,Home and lifestyle,28.53,10,14.265,299.565,2019-03-18,17:38:00,Ewallet,285.3,4.761904762,14.265,7.8
573589734,Cairo,Mandalay,Normal,Female,Fashion accessories,30.37,3,4.5555,95.6655,2019-03-28,13:41:00,Ewallet,91.11,4.761904762,4.5555,5.1
817698206,Cairo,Mandalay,Normal,Female,Electronic accessories,99.73,9,44.8785,942.4485,2019-03-02,19:42:00,Credit card,897.57,4.761904762,44.8785,6.5
888020338,Alex,Yangon,Normal,Male,Electronic accessories,26.23,9,11.8035,247.8735,2019-01-25,20:24:00,Ewallet,236.07,4.761904762,11.8035,5.9
677110152,Giza,Naypyitaw,Normal,Female,Food and beverages,93.26,9,41.967,881.307,2019-01-16,18:08:00,Cash,839.34,4.761904762,41.967,8.8
142636033,Cairo,Mandalay,Normal,Male,Home and lifestyle,92.36,5,23.09,484.89,2019-03-20,19:17:00,Ewallet,461.8,4.761904762,23.09,4.9
656161063,Cairo,Mandalay,Normal,Male,Sports and travel,46.42,3,6.963,146.223,2019-01-04,13:24:00,Credit card,139.26,4.761904762,6.963,4.4
891588335,Cairo,Mandalay,Member,Female,Sports and travel,29.61,7,10.3635,217.6335,2019-03-11,15:53:00,Cash,207.27,4.761904762,10.3635,6.5
802438934,Alex,Yangon,Normal,Male,Home and lifestyle,18.28,1,0.914,19.194,2019-03-22,15:05:00,Credit card,18.28,4.761904762,0.914,8.3
560305617,Cairo,Mandalay,Normal,Female,Sports and travel,24.77,5,6.1925,130.0425,2019-03-24,18:27:00,Cash,123.85,4.761904762,6.1925,8.5
319742561,Alex,Yangon,Member,Female,Electronic accessories,94.64,3,14.196,298.116,2019-02-21,16:55:00,Cash,283.92,4.761904762,14.196,5.5
549039315,Cairo,Mandalay,Normal,Male,Fashion accessories,94.87,8,37.948,796.908,2019-02-12,12:58:00,Ewallet,758.96,4.761904762,37.948,8.7
790291172,Cairo,Mandalay,Normal,Female,Food and beverages,57.34,3,8.601,180.621,2019-03-10,18:59:00,Credit card,172.02,4.761904762,8.601,7.9
239363640,Cairo,Mandalay,Normal,Male,Electronic accessories,45.35,6,13.605,285.705,2019-01-31,13:44:00,Ewallet,272.1,4.761904762,13.605,6.1
468012051,Cairo,Mandalay,Normal,Male,Food and beverages,62.08,7,21.728,456.288,2019-03-06,13:46:00,Ewallet,434.56,4.761904762,21.728,5.4
389253394,Giza,Naypyitaw,Normal,Male,Electronic accessories,11.81,5,2.9525,62.0025,2019-02-17,18:06:00,Cash,59.05,4.761904762,2.9525,9.4
279621445,Giza,Naypyitaw,Member,Female,Fashion accessories,12.54,1,0.627,13.167,2019-02-21,12:38:00,Cash,12.54,4.761904762,0.627,8.2
213726612,Alex,Yangon,Normal,Male,Food and beverages,43.25,2,4.325,90.825,2019-03-20,15:56:00,Cash,86.5,4.761904762,4.325,6.2
746686593,Giza,Naypyitaw,Member,Female,Sports and travel,87.16,2,8.716,183.036,2019-01-11,14:29:00,Credit card,174.32,4.761904762,8.716,9.7
836825858,Cairo,Mandalay,Member,Male,Health and beauty,69.37,9,31.2165,655.5465,2019-01-26,19:14:00,Ewallet,624.33,4.761904762,31.2165,4.0
583721480,Giza,Naypyitaw,Member,Male,Electronic accessories,37.06,4,7.412,155.652,2019-01-31,16:24:00,Ewallet,148.24,4.761904762,7.412,9.7
466615506,Cairo,Mandalay,Member,Female,Electronic accessories,90.7,6,27.21,571.41,2019-02-26,10:52:00,Cash,544.2,4.761904762,27.21,5.3
721866247,Alex,Yangon,Normal,Female,Home and lifestyle,63.42,8,25.368,532.728,2019-03-11,12:55:00,Ewallet,507.36,4.761904762,25.368,7.4
289655721,Cairo,Mandalay,Normal,Female,Fashion accessories,81.37,2,8.137,170.877,2019-01-26,19:28:00,Cash,162.74,4.761904762,8.137,6.5
545463100,Cairo,Mandalay,Member,Female,Electronic accessories,10.59,3,1.5885,33.3585,2019-03-12,13:52:00,Credit card,31.77,4.761904762,1.5885,8.7
418025978,Cairo,Mandalay,Normal,Female,Health and beauty,84.09,9,37.8405,794.6505,2019-02-11,10:54:00,Cash,756.81,4.761904762,37.8405,8.0
269045750,Cairo,Mandalay,Member,Male,Fashion accessories,73.82,4,14.764,310.044,2019-02-21,18:31:00,Cash,295.28,4.761904762,14.764,6.7
157135295,Alex,Yangon,Member,Male,Health and beauty,51.94,10,25.97,545.37,2019-03-09,18:24:00,Ewallet,519.4,4.761904762,25.97,6.5
645788093,Alex,Yangon,Normal,Female,Sports and travel,93.14,2,9.314,195.594,2019-01-20,18:09:00,Ewallet,186.28,4.761904762,9.314,4.1
211309270,Giza,Naypyitaw,Normal,Male,Health and beauty,17.41,5,4.3525,91.4025,2019-01-28,15:16:00,Credit card,87.05,4.761904762,4.3525,4.9
755123214,Giza,Naypyitaw,Member,Female,Fashion accessories,44.22,5,11.055,232.155,2019-03-05,17:07:00,Credit card,221.1,4.761904762,11.055,8.6
346843103,Cairo,Mandalay,Member,Female,Electronic accessories,13.22,5,3.305,69.405,2019-03-02,19:26:00,Cash,66.1,4.761904762,3.305,4.3
478067835,Alex,Yangon,Normal,Male,Fashion accessories,89.69,1,4.4845,94.1745,2019-01-11,11:20:00,Ewallet,89.69,4.761904762,4.4845,4.9
540114336,Alex,Yangon,Normal,Male,Food and beverages,24.94,9,11.223,235.683,2019-01-11,16:49:00,Credit card,224.46,4.761904762,11.223,5.6
448815016,Alex,Yangon,Normal,Male,Health and beauty,59.77,2,5.977,125.517,2019-03-11,12:01:00,Credit card,119.54,4.761904762,5.977,5.8
142724741,Giza,Naypyitaw,Member,Male,Fashion accessories,93.2,2,9.32,195.72,2019-02-28,18:37:00,Credit card,186.4,4.761904762,9.32,6.0
217581179,Alex,Yangon,Member,Male,Home and lifestyle,62.65,4,12.53,263.13,2019-01-05,11:25:00,Cash,250.6,4.761904762,12.53,4.2
376028238,Cairo,Mandalay,Normal,Male,Home and lifestyle,93.87,8,37.548,788.508,2019-02-02,18:42:00,Credit card,750.96,4.761904762,37.548,8.3
530909855,Alex,Yangon,Member,Male,Home and lifestyle,47.59,8,19.036,399.756,2019-01-01,14:47:00,Cash,380.72,4.761904762,19.036,5.7
866057563,Cairo,Mandalay,Member,Female,Electronic accessories,81.4,3,12.21,256.41,2019-02-09,19:43:00,Cash,244.2,4.761904762,12.21,4.8
604706476,Alex,Yangon,Member,Male,Fashion accessories,17.94,5,4.485,94.185,2019-01-23,14:04:00,Ewallet,89.7,4.761904762,4.485,6.8
799711548,Alex,Yangon,Member,Male,Electronic accessories,77.72,4,15.544,326.424,2019-01-07,16:11:00,Credit card,310.88,4.761904762,15.544,8.8
785137708,Cairo,Mandalay,Normal,Male,Food and beverages,73.06,7,25.571,536.991,2019-01-14,19:06:00,Credit card,511.42,4.761904762,25.571,4.2
845510542,Cairo,Mandalay,Member,Male,Food and beverages,46.55,9,20.9475,439.8975,2019-02-02,15:34:00,Ewallet,418.95,4.761904762,20.9475,6.4
662475456,Giza,Naypyitaw,Member,Male,Fashion accessories,35.19,10,17.595,369.495,2019-03-17,19:06:00,Credit card,351.9,4.761904762,17.595,8.4
883174236,Giza,Naypyitaw,Normal,Female,Sports and travel,14.39,2,1.439,30.219,2019-03-02,19:44:00,Credit card,28.78,4.761904762,1.439,7.2
290682984,Alex,Yangon,Normal,Male,Home and lifestyle,23.75,4,4.75,99.75,2019-03-16,11:22:00,Cash,95.0,4.761904762,4.75,5.2
704116354,Alex,Yangon,Member,Male,Home and lifestyle,58.9,8,23.56,494.76,2019-01-06,11:23:00,Cash,471.2,4.761904762,23.56,8.9
110487033,Cairo,Mandalay,Member,Male,Fashion accessories,32.62,4,6.524,137.004,2019-01-29,14:12:00,Cash,130.48,4.761904762,6.524,9.0
366930948,Alex,Yangon,Member,Male,Electronic accessories,66.35,1,3.3175,69.6675,2019-01-31,10:46:00,Credit card,66.35,4.761904762,3.3175,9.7
729099681,Alex,Yangon,Member,Male,Home and lifestyle,25.91,6,7.773,163.233,2019-02-05,10:16:00,Ewallet,155.46,4.761904762,7.773,8.7
151161484,Alex,Yangon,Member,Male,Electronic accessories,32.25,4,6.45,135.45,2019-02-13,12:38:00,Ewallet,129.0,4.761904762,6.45,6.5
380944661,Giza,Naypyitaw,Member,Male,Electronic accessories,65.94,4,13.188,276.948,2019-02-07,13:05:00,Credit card,263.76,4.761904762,13.188,6.9
850419669,Alex,Yangon,Normal,Female,Electronic accessories,75.06,9,33.777,709.317,2019-03-19,13:25:00,Ewallet,675.54,4.761904762,33.777,6.2
821073596,Giza,Naypyitaw,Normal,Female,Fashion accessories,16.45,4,3.29,69.09,2019-03-07,14:53:00,Ewallet,65.8,4.761904762,3.29,5.6
655855130,Cairo,Mandalay,Member,Female,Fashion accessories,38.3,4,7.66,160.86,2019-03-13,19:22:00,Cash,153.2,4.761904762,7.66,5.7
447157839,Alex,Yangon,Member,Female,Sports and travel,22.24,10,11.12,233.52,2019-02-09,11:00:00,Cash,222.4,4.761904762,11.12,4.2
154747179,Cairo,Mandalay,Normal,Male,Sports and travel,54.45,1,2.7225,57.1725,2019-02-26,19:24:00,Ewallet,54.45,4.761904762,2.7225,7.9
253126086,Alex,Yangon,Member,Female,Sports and travel,98.4,7,34.44,723.24,2019-03-12,12:43:00,Credit card,688.8,4.761904762,34.44,8.7
808650703,Giza,Naypyitaw,Normal,Male,Home and lifestyle,35.47,4,7.094,148.974,2019-03-14,17:22:00,Credit card,141.88,4.761904762,7.094,6.9
571940759,Cairo,Mandalay,Member,Female,Food and beverages,74.6,10,37.3,783.3,2019-01-08,20:55:00,Cash,746.0,4.761904762,37.3,9.5
144516085,Alex,Yangon,Member,Male,Home and lifestyle,70.74,4,14.148,297.108,2019-01-05,16:05:00,Credit card,282.96,4.761904762,14.148,4.4
731142199,Alex,Yangon,Member,Female,Home and lifestyle,35.54,10,17.77,373.17,2019-01-04,13:34:00,Ewallet,355.4,4.761904762,17.77,7.0
783091637,Cairo,Mandalay,Normal,Female,Sports and travel,67.43,5,16.8575,354.0075,2019-03-06,18:13:00,Ewallet,337.15,4.761904762,16.8575,6.3
687151097,Giza,Naypyitaw,Member,Female,Health and beauty,21.12,2,2.112,44.352,2019-01-03,19:17:00,Cash,42.24,4.761904762,2.112,9.7
126541082,Alex,Yangon,Member,Female,Home and lifestyle,21.54,9,9.693,203.553,2019-01-07,11:44:00,Credit card,193.86,4.761904762,9.693,8.8
633911052,Alex,Yangon,Normal,Female,Home and lifestyle,12.03,2,1.203,25.263,2019-01-27,15:51:00,Cash,24.06,4.761904762,1.203,5.1
477246490,Cairo,Mandalay,Normal,Female,Health and beauty,99.71,6,29.913,628.173,2019-02-26,16:52:00,Ewallet,598.26,4.761904762,29.913,7.9
566195475,Cairo,Mandalay,Normal,Male,Fashion accessories,47.97,7,16.7895,352.5795,2019-01-07,20:52:00,Cash,335.79,4.761904762,16.7895,6.2
526868552,Giza,Naypyitaw,Member,Female,Home and lifestyle,21.82,10,10.91,229.11,2019-01-07,17:36:00,Cash,218.2,4.761904762,10.91,7.1
376563573,Giza,Naypyitaw,Normal,Female,Fashion accessories,95.42,4,19.084,400.764,2019-02-02,13:23:00,Ewallet,381.68,4.761904762,19.084,6.4
537720426,Giza,Naypyitaw,Member,Male,Fashion accessories,70.99,10,35.495,745.395,2019-03-20,16:28:00,Cash,709.9,4.761904762,35.495,5.7
828615674,Alex,Yangon,Member,Male,Sports and travel,44.02,10,22.01,462.21,2019-03-20,19:57:00,Credit card,440.2,4.761904762,22.01,9.6
136086195,Alex,Yangon,Normal,Female,Home and lifestyle,69.96,8,27.984,587.664,2019-02-15,17:01:00,Credit card,559.68,4.761904762,27.984,6.4
523380215,Giza,Naypyitaw,Normal,Male,Home and lifestyle,37.0,1,1.85,38.85,2019-03-06,13:29:00,Credit card,37.0,4.761904762,1.85,7.9
490291201,Alex,Yangon,Normal,Female,Sports and travel,15.34,1,0.767,16.107,2019-01-06,11:09:00,Cash,15.34,4.761904762,0.767,6.5
667920055,Alex,Yangon,Member,Male,Health and beauty,99.83,6,29.949,628.929,2019-03-04,15:02:00,Ewallet,598.98,4.761904762,29.949,8.5
565173836,Alex,Yangon,Member,Female,Health and beauty,47.67,4,9.534,200.214,2019-03-12,14:21:00,Cash,190.68,4.761904762,9.534,9.1
498411961,Cairo,Mandalay,Normal,Male,Health and beauty,66.68,5,16.67,350.07,2019-02-20,18:01:00,Cash,333.4,4.761904762,16.67,7.6
593954461,Giza,Naypyitaw,Member,Male,Home and lifestyle,74.86,1,3.743,78.603,2019-03-24,14:49:00,Cash,74.86,4.761904762,3.743,6.9
226713580,Giza,Naypyitaw,Normal,Female,Sports and travel,23.75,9,10.6875,224.4375,2019-01-31,12:02:00,Cash,213.75,4.761904762,10.6875,9.5
283799594,Cairo,Mandalay,Normal,Female,Food and beverages,48.51,7,16.9785,356.5485,2019-01-25,13:30:00,Credit card,339.57,4.761904762,16.9785,5.2
430603493,Alex,Yangon,Member,Female,Home and lifestyle,94.88,7,33.208,697.368,2019-02-03,14:38:00,Cash,664.16,4.761904762,33.208,4.2
139200155,Cairo,Mandalay,Member,Male,Electronic accessories,40.3,10,20.15,423.15,2019-01-24,17:37:00,Credit card,403.0,4.761904762,20.15,7.0
558804082,Giza,Naypyitaw,Normal,Male,Electronic accessories,27.85,7,9.7475,204.6975,2019-03-14,17:20:00,Ewallet,194.95,4.761904762,9.7475,6.0
278977759,Alex,Yangon,Member,Female,Electronic accessories,62.48,1,3.124,65.604,2019-02-18,20:29:00,Cash,62.48,4.761904762,3.124,4.7
316686352,Alex,Yangon,Member,Female,Food and beverages,36.36,2,3.636,76.356,2019-01-21,10:00:00,Cash,72.72,4.761904762,3.636,7.1
585035943,Cairo,Mandalay,Normal,Male,Health and beauty,18.11,10,9.055,190.155,2019-03-13,11:46:00,Ewallet,181.1,4.761904762,9.055,5.9
211050490,Giza,Naypyitaw,Member,Female,Electronic accessories,51.92,5,12.98,272.58,2019-03-03,13:42:00,Cash,259.6,4.761904762,12.98,7.5
727756477,Giza,Naypyitaw,Normal,Male,Electronic accessories,28.84,4,5.768,121.128,2019-03-29,14:44:00,Cash,115.36,4.761904762,5.768,6.4
744025987,Alex,Yangon,Member,Male,Home and lifestyle,78.38,6,23.514,493.794,2019-01-10,14:16:00,Ewallet,470.28,4.761904762,23.514,5.8
307839164,Alex,Yangon,Member,Male,Home and lifestyle,60.01,4,12.002,252.042,2019-01-25,15:54:00,Cash,240.04,4.761904762,12.002,4.5
779060012,Giza,Naypyitaw,Member,Female,Home and lifestyle,88.61,1,4.4305,93.0405,2019-01-19,10:21:00,Cash,88.61,4.761904762,4.4305,7.7
446476729,Giza,Naypyitaw,Normal,Male,Fashion accessories,99.82,2,9.982,209.622,2019-01-02,18:09:00,Credit card,199.64,4.761904762,9.982,6.7
573103877,Cairo,Mandalay,Member,Male,Health and beauty,39.01,1,1.9505,40.9605,2019-03-12,16:46:00,Credit card,39.01,4.761904762,1.9505,4.7
735064124,Giza,Naypyitaw,Normal,Male,Food and beverages,48.61,1,2.4305,51.0405,2019-02-25,15:31:00,Cash,48.61,4.761904762,2.4305,4.4
439547422,Alex,Yangon,Normal,Female,Electronic accessories,51.19,4,10.238,214.998,2019-03-18,17:15:00,Credit card,204.76,4.761904762,10.238,4.7
396902219,Cairo,Mandalay,Normal,Female,Electronic accessories,14.96,8,5.984,125.664,2019-02-23,12:29:00,Cash,119.68,4.761904762,5.984,8.6
411770180,Alex,Yangon,Member,Male,Electronic accessories,72.2,7,25.27,530.67,2019-03-26,20:14:00,Ewallet,505.4,4.761904762,25.27,4.3
286015402,Alex,Yangon,Normal,Female,Sports and travel,40.23,7,14.0805,295.6905,2019-03-30,13:22:00,Cash,281.61,4.761904762,14.0805,9.6
803178013,Alex,Yangon,Member,Female,Home and lifestyle,88.79,8,35.516,745.836,2019-02-17,17:09:00,Cash,710.32,4.761904762,35.516,4.1
512981403,Alex,Yangon,Member,Female,Electronic accessories,26.48,3,3.972,83.412,2019-03-21,10:40:00,Ewallet,79.44,4.761904762,3.972,4.7
848422560,Alex,Yangon,Normal,Female,Fashion accessories,81.91,2,8.191,172.011,2019-03-05,17:43:00,Cash,163.82,4.761904762,8.191,7.8
532597201,Cairo,Mandalay,Member,Male,Sports and travel,79.93,6,23.979,503.559,2019-01-31,14:04:00,Cash,479.58,4.761904762,23.979,5.5
181946432,Giza,Naypyitaw,Member,Male,Fashion accessories,69.33,2,6.933,145.593,2019-02-05,19:05:00,Ewallet,138.66,4.761904762,6.933,9.7
870761733,Alex,Yangon,Member,Female,Food and beverages,14.23,5,3.5575,74.7075,2019-02-01,10:08:00,Credit card,71.15,4.761904762,3.5575,4.4
423644619,Alex,Yangon,Member,Female,Health and beauty,15.55,9,6.9975,146.9475,2019-03-07,13:12:00,Cash,139.95,4.761904762,6.9975,5.0
227074446,Giza,Naypyitaw,Member,Female,Electronic accessories,78.13,10,39.065,820.365,2019-02-10,20:51:00,Cash,781.3,4.761904762,39.065,4.4
174363675,Giza,Naypyitaw,Member,Male,Food and beverages,99.37,2,9.937,208.677,2019-02-14,17:29:00,Cash,198.74,4.761904762,9.937,5.2
428835800,Giza,Naypyitaw,Member,Female,Food and beverages,21.08,3,3.162,66.402,2019-02-09,10:25:00,Cash,63.24,4.761904762,3.162,7.3
603070961,Giza,Naypyitaw,Member,Male,Electronic accessories,74.79,5,18.6975,392.6475,2019-01-10,11:34:00,Cash,373.95,4.761904762,18.6975,4.9
704204138,Giza,Naypyitaw,Member,Female,Health and beauty,29.67,7,10.3845,218.0745,2019-03-11,18:58:00,Credit card,207.69,4.761904762,10.3845,8.1
787151757,Giza,Naypyitaw,Member,Male,Health and beauty,44.07,4,8.814,185.094,2019-02-18,16:28:00,Ewallet,176.28,4.761904762,8.814,8.4
649113678,Giza,Naypyitaw,Normal,Female,Food and beverages,22.93,9,10.3185,216.6885,2019-02-26,20:26:00,Cash,206.37,4.761904762,10.3185,5.5
622201945,Giza,Naypyitaw,Normal,Female,Health and beauty,39.42,1,1.971,41.391,2019-01-18,15:08:00,Cash,39.42,4.761904762,1.971,8.4
372948041,Alex,Yangon,Normal,Male,Health and beauty,15.26,6,4.578,96.138,2019-02-15,18:03:00,Ewallet,91.56,4.761904762,4.578,9.8
563917120,Alex,Yangon,Normal,Female,Fashion accessories,61.77,5,15.4425,324.2925,2019-03-08,13:21:00,Cash,308.85,4.761904762,15.4425,6.7
746545508,Alex,Yangon,Normal,Male,Home and lifestyle,21.52,6,6.456,135.576,2019-01-17,12:48:00,Credit card,129.12,4.761904762,6.456,9.4
276540879,Cairo,Mandalay,Normal,Male,Sports and travel,97.74,4,19.548,410.508,2019-03-12,19:53:00,Ewallet,390.96,4.761904762,19.548,6.4
815111168,Alex,Yangon,Member,Male,Food and beverages,99.78,5,24.945,523.845,2019-03-09,19:09:00,Cash,498.9,4.761904762,24.945,5.4
719763868,Giza,Naypyitaw,Member,Male,Food and beverages,94.26,4,18.852,395.892,2019-03-12,16:30:00,Cash,377.04,4.761904762,18.852,8.6
730618757,Cairo,Mandalay,Member,Male,Health and beauty,51.13,4,10.226,214.746,2019-01-25,10:11:00,Credit card,204.52,4.761904762,10.226,4.0
340660321,Alex,Yangon,Member,Male,Electronic accessories,36.36,4,7.272,152.712,2019-03-25,13:07:00,Cash,145.44,4.761904762,7.272,7.6
868811752,Cairo,Mandalay,Normal,Male,Home and lifestyle,22.02,9,9.909,208.089,2019-02-07,18:48:00,Cash,198.18,4.761904762,9.909,6.8
634978956,Alex,Yangon,Normal,Male,Food and beverages,32.9,3,4.935,103.635,2019-02-17,17:27:00,Credit card,98.7,4.761904762,4.935,9.1
566711091,Alex,Yangon,Normal,Male,Fashion accessories,77.02,5,19.255,404.355,2019-02-03,15:59:00,Cash,385.1,4.761904762,19.255,5.5
442483607,Alex,Yangon,Member,Male,Food and beverages,23.48,2,2.348,49.308,2019-03-14,11:21:00,Credit card,46.96,4.761904762,2.348,7.9
835160096,Giza,Naypyitaw,Member,Male,Sports and travel,14.7,5,3.675,77.175,2019-03-24,13:48:00,Ewallet,73.5,4.761904762,3.675,8.5
527096272,Alex,Yangon,Member,Female,Electronic accessories,28.45,5,7.1125,149.3625,2019-03-21,10:17:00,Credit card,142.25,4.761904762,7.1125,9.1
898042717,Alex,Yangon,Normal,Male,Fashion accessories,76.4,9,34.38,721.98,2019-03-19,15:49:00,Ewallet,687.6,4.761904762,34.38,7.5
692278933,Cairo,Mandalay,Normal,Female,Sports and travel,57.95,6,17.385,365.085,2019-02-24,13:02:00,Cash,347.7,4.761904762,17.385,5.2
633093463,Giza,Naypyitaw,Normal,Female,Electronic accessories,47.65,3,7.1475,150.0975,2019-03-28,12:58:00,Credit card,142.95,4.761904762,7.1475,9.5
374173652,Cairo,Mandalay,Member,Female,Food and beverages,42.82,9,19.269,404.649,2019-02-05,15:26:00,Credit card,385.38,4.761904762,19.269,8.9
378077001,Cairo,Mandalay,Member,Male,Electronic accessories,48.09,3,7.2135,151.4835,2019-02-10,18:23:00,Credit card,144.27,4.761904762,7.2135,7.8
433756987,Cairo,Mandalay,Member,Female,Health and beauty,55.97,7,19.5895,411.3795,2019-03-05,19:06:00,Ewallet,391.79,4.761904762,19.5895,8.9
873954984,Cairo,Mandalay,Member,Female,Health and beauty,76.9,7,26.915,565.215,2019-02-15,20:21:00,Cash,538.3,4.761904762,26.915,7.7
416135917,Giza,Naypyitaw,Normal,Female,Food and beverages,97.03,5,24.2575,509.4075,2019-01-30,16:24:00,Ewallet,485.15,4.761904762,24.2575,9.3
150898043,Alex,Yangon,Normal,Male,Sports and travel,44.65,3,6.6975,140.6475,2019-02-14,15:04:00,Cash,133.95,4.761904762,6.6975,6.2
135848019,Alex,Yangon,Normal,Female,Fashion accessories,77.93,9,35.0685,736.4385,2019-02-27,16:10:00,Ewallet,701.37,4.761904762,35.0685,7.6
441947118,Alex,Yangon,Member,Male,Electronic accessories,71.95,1,3.5975,75.5475,2019-02-04,12:14:00,Cash,71.95,4.761904762,3.5975,7.3
725963778,Giza,Naypyitaw,Member,Female,Home and lifestyle,89.25,8,35.7,749.7,2019-01-20,10:13:00,Cash,714.0,4.761904762,35.7,4.7
531801784,Alex,Yangon,Normal,Male,Electronic accessories,26.02,7,9.107,191.247,2019-03-28,17:38:00,Cash,182.14,4.761904762,9.107,5.1
400451220,Cairo,Mandalay,Normal,Female,Health and beauty,13.5,10,6.75,141.75,2019-02-27,11:06:00,Credit card,135.0,4.761904762,6.75,4.8
860790874,Giza,Naypyitaw,Member,Female,Fashion accessories,99.3,10,49.65,1042.65,2019-02-15,14:53:00,Credit card,993.0,4.761904762,49.65,6.6
834618124,Alex,Yangon,Normal,Male,Electronic accessories,51.69,7,18.0915,379.9215,2019-01-26,18:22:00,Cash,361.83,4.761904762,18.0915,5.5
115994379,Cairo,Mandalay,Member,Female,Fashion accessories,54.73,7,19.1555,402.2655,2019-03-14,19:02:00,Credit card,383.11,4.761904762,19.1555,8.5
565676697,Cairo,Mandalay,Member,Male,Home and lifestyle,27.0,9,12.15,255.15,2019-03-02,14:16:00,Cash,243.0,4.761904762,12.15,4.8
320496392,Giza,Naypyitaw,Normal,Female,Electronic accessories,30.24,1,1.512,31.752,2019-03-04,15:44:00,Cash,30.24,4.761904762,1.512,8.4
889049723,Cairo,Mandalay,Member,Female,Food and beverages,89.14,4,17.828,374.388,2019-01-07,12:20:00,Credit card,356.56,4.761904762,17.828,7.8
632900281,Giza,Naypyitaw,Normal,Female,Fashion accessories,37.55,10,18.775,394.275,2019-03-08,20:01:00,Credit card,375.5,4.761904762,18.775,9.3
554422417,Giza,Naypyitaw,Normal,Female,Sports and travel,95.44,10,47.72,1002.12,2019-01-09,13:45:00,Cash,954.4,4.761904762,47.72,5.2
453636187,Cairo,Mandalay,Normal,Male,Electronic accessories,27.5,3,4.125,86.625,2019-03-01,15:40:00,Ewallet,82.5,4.761904762,4.125,6.5
578807669,Cairo,Mandalay,Normal,Male,Sports and travel,74.97,1,3.7485,78.7185,2019-03-16,16:58:00,Cash,74.97,4.761904762,3.7485,5.6
612365536,Alex,Yangon,Member,Male,Food and beverages,80.96,8,32.384,680.064,2019-02-17,11:12:00,Credit card,647.68,4.761904762,32.384,7.4
605724132,Giza,Naypyitaw,Normal,Female,Food and beverages,94.47,8,37.788,793.548,2019-02-27,15:12:00,Cash,755.76,4.761904762,37.788,9.1
471412823,Giza,Naypyitaw,Normal,Male,Food and beverages,99.79,2,9.979,209.559,2019-03-07,20:37:00,Ewallet,199.58,4.761904762,9.979,8.0
462679126,Alex,Yangon,Normal,Male,Home and lifestyle,73.22,6,21.966,461.286,2019-01-21,17:44:00,Cash,439.32,4.761904762,21.966,7.2
272279238,Giza,Naypyitaw,Normal,Female,Food and beverages,41.24,4,8.248,173.208,2019-02-19,16:23:00,Cash,164.96,4.761904762,8.248,7.1
834259262,Giza,Naypyitaw,Normal,Female,Fashion accessories,81.68,4,16.336,343.056,2019-01-06,12:12:00,Cash,326.72,4.761904762,16.336,9.1
122619553,Giza,Naypyitaw,Normal,Female,Electronic accessories,51.32,9,23.094,484.974,2019-03-14,19:33:00,Cash,461.88,4.761904762,23.094,5.6
468880009,Alex,Yangon,Member,Male,Home and lifestyle,65.94,4,13.188,276.948,2019-03-24,10:29:00,Cash,263.76,4.761904762,13.188,6.0
613599758,Giza,Naypyitaw,Normal,Female,Sports and travel,14.36,10,7.18,150.78,2019-01-27,14:28:00,Cash,143.6,4.761904762,7.18,5.4
254310042,Alex,Yangon,Member,Male,Electronic accessories,21.5,9,9.675,203.175,2019-03-06,12:46:00,Credit card,193.5,4.761904762,9.675,7.8
201862184,Cairo,Mandalay,Member,Female,Electronic accessories,26.26,7,9.191,193.011,2019-02-02,19:40:00,Cash,183.82,4.761904762,9.191,9.9
261128671,Cairo,Mandalay,Normal,Female,Fashion accessories,60.96,2,6.096,128.016,2019-01-25,19:39:00,Credit card,121.92,4.761904762,6.096,4.9
730709830,Giza,Naypyitaw,Normal,Female,Home and lifestyle,70.11,6,21.033,441.693,2019-03-14,17:54:00,Ewallet,420.66,4.761904762,21.033,5.2
382258917,Giza,Naypyitaw,Normal,Male,Fashion accessories,42.08,6,12.624,265.104,2019-01-29,12:25:00,Cash,252.48,4.761904762,12.624,8.9
422298786,Alex,Yangon,Normal,Female,Home and lifestyle,67.09,5,16.7725,352.2225,2019-01-03,16:47:00,Credit card,335.45,4.761904762,16.7725,9.1
667235919,Alex,Yangon,Member,Female,Fashion accessories,96.7,5,24.175,507.675,2019-01-14,12:52:00,Ewallet,483.5,4.761904762,24.175,7.0
843014703,Cairo,Mandalay,Member,Female,Home and lifestyle,35.38,9,15.921,334.341,2019-01-05,19:50:00,Credit card,318.42,4.761904762,15.921,9.6
743881662,Giza,Naypyitaw,Normal,Male,Sports and travel,95.49,7,33.4215,701.8515,2019-02-22,18:17:00,Ewallet,668.43,4.761904762,33.4215,8.7
595862894,Giza,Naypyitaw,Member,Male,Fashion accessories,96.98,4,19.396,407.316,2019-02-06,17:20:00,Ewallet,387.92,4.761904762,19.396,9.4
182698360,Cairo,Mandalay,Normal,Female,Electronic accessories,23.65,4,4.73,99.33,2019-01-30,13:32:00,Credit card,94.6,4.761904762,4.73,4.0
289157034,Alex,Yangon,Member,Male,Sports and travel,82.33,4,16.466,345.786,2019-01-11,10:37:00,Credit card,329.32,4.761904762,16.466,7.5
462785240,Giza,Naypyitaw,Normal,Female,Electronic accessories,26.61,2,2.661,55.881,2019-03-19,14:35:00,Cash,53.22,4.761904762,2.661,4.2
868527573,Cairo,Mandalay,Normal,Female,Food and beverages,99.69,5,24.9225,523.3725,2019-01-14,12:09:00,Cash,498.45,4.761904762,24.9225,9.9
153584872,Giza,Naypyitaw,Member,Female,Food and beverages,74.89,4,14.978,314.538,2019-03-01,15:32:00,Ewallet,299.56,4.761904762,14.978,4.2
662722873,Alex,Yangon,Normal,Female,Food and beverages,40.94,5,10.235,214.935,2019-01-06,13:58:00,Ewallet,204.7,4.761904762,10.235,9.9
525887307,Cairo,Mandalay,Member,Male,Sports and travel,75.82,1,3.791,79.611,2019-01-31,13:19:00,Cash,75.82,4.761904762,3.791,5.8
689169784,Giza,Naypyitaw,Normal,Male,Food and beverages,46.77,6,14.031,294.651,2019-03-11,13:37:00,Cash,280.62,4.761904762,14.031,6.0
725560833,Alex,Yangon,Normal,Female,Health and beauty,32.32,10,16.16,339.36,2019-02-20,16:49:00,Credit card,323.2,4.761904762,16.16,10.0
394410748,Giza,Naypyitaw,Member,Female,Fashion accessories,54.07,9,24.3315,510.9615,2019-01-27,14:55:00,Ewallet,486.63,4.761904762,24.3315,9.5
596423999,Cairo,Mandalay,Normal,Male,Food and beverages,18.22,7,6.377,133.917,2019-03-10,14:04:00,Credit card,127.54,4.761904762,6.377,6.6
541899860,Giza,Naypyitaw,Member,Female,Fashion accessories,80.48,3,12.072,253.512,2019-02-15,12:31:00,Cash,241.44,4.761904762,12.072,8.1
173829529,Cairo,Mandalay,Normal,Female,Fashion accessories,37.95,10,18.975,398.475,2019-01-26,14:51:00,Cash,379.5,4.761904762,18.975,9.7
563369814,Alex,Yangon,Member,Male,Electronic accessories,76.82,1,3.841,80.661,2019-02-13,18:27:00,Ewallet,76.82,4.761904762,3.841,7.2
308474913,Alex,Yangon,Member,Female,Sports and travel,52.26,10,26.13,548.73,2019-03-09,12:45:00,Credit card,522.6,4.761904762,26.13,6.2
885176250,Alex,Yangon,Normal,Female,Health and beauty,79.74,1,3.987,83.727,2019-03-06,10:36:00,Ewallet,79.74,4.761904762,3.987,7.3
726272396,Alex,Yangon,Normal,Female,Health and beauty,77.5,5,19.375,406.875,2019-01-24,20:36:00,Ewallet,387.5,4.761904762,19.375,4.3
316013952,Alex,Yangon,Normal,Female,Food and beverages,54.27,5,13.5675,284.9175,2019-03-13,14:16:00,Ewallet,271.35,4.761904762,13.5675,4.6
760541821,Cairo,Mandalay,Normal,Male,Home and lifestyle,13.59,9,6.1155,128.4255,2019-03-15,10:26:00,Cash,122.31,4.761904762,6.1155,5.8
793103222,Cairo,Mandalay,Member,Female,Health and beauty,41.06,6,12.318,258.678,2019-03-05,13:30:00,Credit card,246.36,4.761904762,12.318,8.3
346123257,Cairo,Mandalay,Member,Male,Electronic accessories,19.24,9,8.658,181.818,2019-03-04,16:28:00,Cash,173.16,4.761904762,8.658,8.0
110056330,Giza,Naypyitaw,Normal,Female,Food and beverages,39.43,6,11.829,248.409,2019-03-25,20:18:00,Credit card,236.58,4.761904762,11.829,9.4
651610874,Giza,Naypyitaw,Normal,Male,Home and lifestyle,46.22,4,9.244,194.124,2019-03-12,20:04:00,Credit card,184.88,4.761904762,9.244,6.2
236863015,Giza,Naypyitaw,Member,Male,Home and lifestyle,13.98,1,0.699,14.679,2019-02-04,13:38:00,Ewallet,13.98,4.761904762,0.699,9.8
831640259,Cairo,Mandalay,Normal,Female,Fashion accessories,39.75,5,9.9375,208.6875,2019-02-22,10:43:00,Ewallet,198.75,4.761904762,9.9375,9.6
587037455,Giza,Naypyitaw,Member,Female,Fashion accessories,97.79,7,34.2265,718.7565,2019-02-16,17:30:00,Ewallet,684.53,4.761904762,34.2265,4.9
882404577,Alex,Yangon,Member,Male,Sports and travel,67.26,4,13.452,282.492,2019-01-19,15:28:00,Credit card,269.04,4.761904762,13.452,8.0
732675346,Alex,Yangon,Normal,Male,Food and beverages,13.79,5,3.4475,72.3975,2019-01-11,19:07:00,Credit card,68.95,4.761904762,3.4475,7.8
725329708,Cairo,Mandalay,Member,Female,Fashion accessories,68.71,4,13.742,288.582,2019-01-04,19:01:00,Cash,274.84,4.761904762,13.742,4.1
256088343,Alex,Yangon,Normal,Female,Home and lifestyle,56.53,4,11.306,237.426,2019-03-04,19:48:00,Ewallet,226.12,4.761904762,11.306,5.5
372261506,Giza,Naypyitaw,Normal,Female,Fashion accessories,23.82,5,5.955,125.055,2019-01-28,19:24:00,Ewallet,119.1,4.761904762,5.955,5.4
244080162,Cairo,Mandalay,Normal,Female,Health and beauty,34.21,10,17.105,359.205,2019-01-02,13:00:00,Cash,342.1,4.761904762,17.105,5.1
569714390,Cairo,Mandalay,Normal,Male,Sports and travel,21.87,2,2.187,45.927,2019-01-25,14:29:00,Ewallet,43.74,4.761904762,2.187,6.9
132236451,Alex,Yangon,Member,Male,Health and beauty,20.97,5,5.2425,110.0925,2019-01-04,13:21:00,Cash,104.85,4.761904762,5.2425,7.8
696902548,Alex,Yangon,Normal,Male,Sports and travel,25.84,3,3.876,81.396,2019-03-10,18:55:00,Ewallet,77.52,4.761904762,3.876,6.6
472159636,Alex,Yangon,Normal,Male,Home and lifestyle,50.93,8,20.372,427.812,2019-03-22,19:36:00,Ewallet,407.44,4.761904762,20.372,9.2
268036164,Cairo,Mandalay,Normal,Male,Health and beauty,96.11,1,4.8055,100.9155,2019-01-25,16:28:00,Ewallet,96.11,4.761904762,4.8055,7.8
750579686,Giza,Naypyitaw,Normal,Female,Home and lifestyle,45.38,4,9.076,190.596,2019-01-08,13:48:00,Credit card,181.52,4.761904762,9.076,8.7
186093669,Giza,Naypyitaw,Member,Female,Health and beauty,81.51,1,4.0755,85.5855,2019-01-22,10:57:00,Ewallet,81.51,4.761904762,4.0755,9.2
848071692,Cairo,Mandalay,Normal,Female,Health and beauty,57.22,2,5.722,120.162,2019-01-12,17:13:00,Ewallet,114.44,4.761904762,5.722,8.3
745713520,Alex,Yangon,Member,Female,Electronic accessories,25.22,7,8.827,185.367,2019-02-04,10:23:00,Cash,176.54,4.761904762,8.827,8.2
266766436,Giza,Naypyitaw,Member,Female,Food and beverages,38.6,3,5.79,121.59,2019-03-28,13:57:00,Ewallet,115.8,4.761904762,5.79,7.5
740222500,Giza,Naypyitaw,Normal,Female,Electronic accessories,84.05,3,12.6075,264.7575,2019-01-23,13:29:00,Cash,252.15,4.761904762,12.6075,9.8
271888734,Giza,Naypyitaw,Member,Female,Fashion accessories,97.21,10,48.605,1020.705,2019-02-08,13:00:00,Credit card,972.1,4.761904762,48.605,8.7
301818610,Cairo,Mandalay,Member,Male,Fashion accessories,25.42,8,10.168,213.528,2019-03-19,19:42:00,Credit card,203.36,4.761904762,10.168,6.7
489644354,Giza,Naypyitaw,Normal,Male,Fashion accessories,16.28,1,0.814,17.094,2019-03-09,15:36:00,Cash,16.28,4.761904762,0.814,5.0
198847132,Cairo,Mandalay,Member,Male,Fashion accessories,40.61,9,18.2745,383.7645,2019-01-02,13:40:00,Cash,365.49,4.761904762,18.2745,7.0
269108440,Alex,Yangon,Member,Male,Health and beauty,53.17,7,18.6095,390.7995,2019-01-21,18:01:00,Cash,372.19,4.761904762,18.6095,8.9
650986268,Cairo,Mandalay,Member,Female,Food and beverages,20.87,3,3.1305,65.7405,2019-03-20,13:53:00,Credit card,62.61,4.761904762,3.1305,8.0
741733559,Cairo,Mandalay,Normal,Male,Sports and travel,67.27,5,16.8175,353.1675,2019-02-27,17:27:00,Cash,336.35,4.761904762,16.8175,6.9
325776186,Alex,Yangon,Member,Female,Home and lifestyle,90.65,10,45.325,951.825,2019-03-08,10:53:00,Ewallet,906.5,4.761904762,45.325,7.3
286757818,Cairo,Mandalay,Normal,Male,Fashion accessories,69.08,2,6.908,145.068,2019-01-31,19:48:00,Credit card,138.16,4.761904762,6.908,6.9
574579721,Giza,Naypyitaw,Normal,Male,Food and beverages,43.27,2,4.327,90.867,2019-03-08,16:53:00,Ewallet,86.54,4.761904762,4.327,5.7
459507686,Alex,Yangon,Normal,Female,Electronic accessories,23.46,6,7.038,147.798,2019-01-13,19:14:00,Ewallet,140.76,4.761904762,7.038,6.4
616870016,Cairo,Mandalay,Normal,Male,Fashion accessories,95.54,7,33.439,702.219,2019-03-09,14:36:00,Credit card,668.78,4.761904762,33.439,9.6
837557229,Cairo,Mandalay,Normal,Female,Fashion accessories,47.44,1,2.372,49.812,2019-02-22,18:19:00,Credit card,47.44,4.761904762,2.372,6.8
751690068,Giza,Naypyitaw,Normal,Male,Sports and travel,99.24,9,44.658,937.818,2019-03-19,19:09:00,Ewallet,893.16,4.761904762,44.658,9.0
257731380,Giza,Naypyitaw,Member,Male,Sports and travel,82.93,4,16.586,348.306,2019-01-20,16:51:00,Ewallet,331.72,4.761904762,16.586,9.6
345084992,Alex,Yangon,Normal,Male,Home and lifestyle,33.99,6,10.197,214.137,2019-03-08,15:37:00,Credit card,203.94,4.761904762,10.197,7.7
549964200,Giza,Naypyitaw,Member,Male,Food and beverages,17.04,4,3.408,71.568,2019-03-08,20:15:00,Ewallet,68.16,4.761904762,3.408,7.0
810606344,Giza,Naypyitaw,Normal,Female,Electronic accessories,40.86,8,16.344,343.224,2019-02-07,14:38:00,Credit card,326.88,4.761904762,16.344,6.5
450282866,Giza,Naypyitaw,Member,Male,Food and beverages,17.44,5,4.36,91.56,2019-01-15,19:25:00,Cash,87.2,4.761904762,4.36,8.1
394303170,Cairo,Mandalay,Member,Female,Sports and travel,88.43,8,35.372,742.812,2019-03-22,19:35:00,Credit card,707.44,4.761904762,35.372,4.3
138175109,Alex,Yangon,Member,Female,Home and lifestyle,89.21,9,40.1445,843.0345,2019-01-15,15:42:00,Credit card,802.89,4.761904762,40.1445,6.5
192987397,Giza,Naypyitaw,Normal,Male,Fashion accessories,12.78,1,0.639,13.419,2019-01-08,14:11:00,Ewallet,12.78,4.761904762,0.639,9.5
301119629,Alex,Yangon,Normal,Female,Sports and travel,19.1,7,6.685,140.385,2019-01-15,10:43:00,Cash,133.7,4.761904762,6.685,9.7
390805128,Cairo,Mandalay,Member,Female,Health and beauty,19.15,1,0.9575,20.1075,2019-01-28,17:58:00,Credit card,19.15,4.761904762,0.9575,9.5
235468343,Giza,Naypyitaw,Member,Male,Food and beverages,27.66,10,13.83,290.43,2019-02-14,11:26:00,Credit card,276.6,4.761904762,13.83,8.9
453127053,Giza,Naypyitaw,Normal,Male,Fashion accessories,45.74,3,6.861,144.081,2019-03-10,17:38:00,Credit card,137.22,4.761904762,6.861,6.5
296117041,Cairo,Mandalay,Member,Female,Health and beauty,27.07,1,1.3535,28.4235,2019-01-12,20:07:00,Credit card,27.07,4.761904762,1.3535,5.3
449272918,Cairo,Mandalay,Member,Female,Sports and travel,39.12,1,1.956,41.076,2019-03-26,11:02:00,Credit card,39.12,4.761904762,1.956,9.6
891017034,Cairo,Mandalay,Normal,Female,Electronic accessories,74.71,6,22.413,470.673,2019-01-01,19:07:00,Cash,448.26,4.761904762,22.413,6.7
744095786,Cairo,Mandalay,Normal,Male,Electronic accessories,22.01,6,6.603,138.663,2019-01-02,18:50:00,Cash,132.06,4.761904762,6.603,7.6
727170390,Alex,Yangon,Normal,Female,Food and beverages,63.61,5,15.9025,333.9525,2019-03-16,12:43:00,Ewallet,318.05,4.761904762,15.9025,4.8
568883448,Alex,Yangon,Normal,Male,Health and beauty,25.0,1,1.25,26.25,2019-03-03,15:09:00,Ewallet,25.0,4.761904762,1.25,5.5
187835490,Alex,Yangon,Member,Male,Electronic accessories,20.77,4,4.154,87.234,2019-01-31,13:47:00,Cash,83.08,4.761904762,4.154,4.7
767541907,Cairo,Mandalay,Member,Female,Fashion accessories,29.56,5,7.39,155.19,2019-02-13,16:59:00,Cash,147.8,4.761904762,7.39,6.9
710464433,Cairo,Mandalay,Member,Female,Food and beverages,77.4,9,34.83,731.43,2019-02-15,14:15:00,Credit card,696.6,4.761904762,34.83,4.5
533335337,Cairo,Mandalay,Normal,Male,Electronic accessories,79.39,10,39.695,833.595,2019-02-07,20:24:00,Cash,793.9,4.761904762,39.695,6.2
325908763,Giza,Naypyitaw,Member,Female,Electronic accessories,46.57,10,23.285,488.985,2019-01-27,13:58:00,Cash,465.7,4.761904762,23.285,7.6
729467422,Giza,Naypyitaw,Normal,Male,Food and beverages,35.89,1,1.7945,37.6845,2019-02-23,16:52:00,Credit card,35.89,4.761904762,1.7945,7.9
639761242,Giza,Naypyitaw,Normal,Male,Food and beverages,40.52,5,10.13,212.73,2019-02-03,15:19:00,Cash,202.6,4.761904762,10.13,4.5
234034040,Cairo,Mandalay,Member,Female,Food and beverages,73.05,10,36.525,767.025,2019-03-03,12:25:00,Credit card,730.5,4.761904762,36.525,8.7
326712155,Giza,Naypyitaw,Normal,Female,Sports and travel,73.95,4,14.79,310.59,2019-02-03,10:02:00,Cash,295.8,4.761904762,14.79,6.1
320328842,Giza,Naypyitaw,Member,Female,Food and beverages,22.62,1,1.131,23.751,2019-03-17,18:58:00,Cash,22.62,4.761904762,1.131,6.4
470329057,Alex,Yangon,Member,Male,Food and beverages,51.34,5,12.835,269.535,2019-03-28,15:31:00,Credit card,256.7,4.761904762,12.835,9.1
878302331,Giza,Naypyitaw,Member,Female,Sports and travel,54.55,10,27.275,572.775,2019-03-02,11:22:00,Credit card,545.5,4.761904762,27.275,7.1
440595691,Giza,Naypyitaw,Member,Female,Health and beauty,37.15,7,13.0025,273.0525,2019-02-08,13:12:00,Credit card,260.05,4.761904762,13.0025,7.7
554533790,Cairo,Mandalay,Normal,Male,Sports and travel,37.02,6,11.106,233.226,2019-03-22,18:33:00,Cash,222.12,4.761904762,11.106,4.5
746190921,Giza,Naypyitaw,Normal,Male,Food and beverages,21.58,1,1.079,22.659,2019-02-09,10:02:00,Ewallet,21.58,4.761904762,1.079,7.2
233340817,Giza,Naypyitaw,Member,Female,Electronic accessories,98.84,1,4.942,103.782,2019-02-15,11:21:00,Cash,98.84,4.761904762,4.942,8.4
767051286,Giza,Naypyitaw,Member,Female,Home and lifestyle,83.77,6,25.131,527.751,2019-01-23,12:10:00,Ewallet,502.62,4.761904762,25.131,5.4
340219136,Alex,Yangon,Member,Female,Sports and travel,40.05,4,8.01,168.21,2019-01-25,11:40:00,Cash,160.2,4.761904762,8.01,9.7
405313305,Alex,Yangon,Member,Male,Fashion accessories,43.13,10,21.565,452.865,2019-02-02,18:31:00,Credit card,431.3,4.761904762,21.565,5.5
731597531,Cairo,Mandalay,Member,Male,Health and beauty,72.57,8,29.028,609.588,2019-03-30,17:58:00,Cash,580.56,4.761904762,29.028,4.6
676396028,Alex,Yangon,Member,Female,Electronic accessories,64.44,5,16.11,338.31,2019-03-30,17:04:00,Cash,322.2,4.761904762,16.11,6.6
502051910,Alex,Yangon,Normal,Male,Health and beauty,65.18,3,9.777,205.317,2019-02-25,20:35:00,Credit card,195.54,4.761904762,9.777,6.3
485308700,Alex,Yangon,Normal,Female,Sports and travel,33.26,5,8.315,174.615,2019-03-18,16:10:00,Credit card,166.3,4.761904762,8.315,4.2
598479715,Giza,Naypyitaw,Normal,Male,Electronic accessories,84.07,4,16.814,353.094,2019-03-07,16:54:00,Ewallet,336.28,4.761904762,16.814,4.4
701698742,Cairo,Mandalay,Normal,Male,Sports and travel,34.37,10,17.185,360.885,2019-03-16,10:11:00,Ewallet,343.7,4.761904762,17.185,6.7
575671508,Alex,Yangon,Normal,Male,Electronic accessories,38.6,1,1.93,40.53,2019-01-29,11:26:00,Ewallet,38.6,4.761904762,1.93,6.7
541083113,Giza,Naypyitaw,Normal,Male,Food and beverages,65.97,8,26.388,554.148,2019-02-02,20:29:00,Cash,527.76,4.761904762,26.388,8.4
246113901,Giza,Naypyitaw,Normal,Female,Electronic accessories,32.8,10,16.4,344.4,2019-02-15,12:12:00,Cash,328.0,4.761904762,16.4,6.2
674159296,Alex,Yangon,Normal,Male,Sports and travel,37.14,5,9.285,194.985,2019-01-08,13:05:00,Ewallet,185.7,4.761904762,9.285,5.0
305183552,Cairo,Mandalay,Member,Male,Home and lifestyle,60.38,10,30.19,633.99,2019-02-12,16:19:00,Cash,603.8,4.761904762,30.19,6.0
493656248,Giza,Naypyitaw,Member,Female,Sports and travel,36.98,10,18.49,388.29,2019-01-01,19:48:00,Credit card,369.8,4.761904762,18.49,7.0
438014015,Cairo,Mandalay,Member,Female,Sports and travel,49.49,4,9.898,207.858,2019-03-21,15:25:00,Ewallet,197.96,4.761904762,9.898,6.6
709584068,Cairo,Mandalay,Normal,Female,Fashion accessories,41.09,10,20.545,431.445,2019-02-28,14:42:00,Cash,410.9,4.761904762,20.545,7.3
795497276,Alex,Yangon,Normal,Male,Fashion accessories,37.15,4,7.43,156.03,2019-03-23,18:59:00,Ewallet,148.6,4.761904762,7.43,8.3
556728512,Giza,Naypyitaw,Normal,Male,Home and lifestyle,22.96,1,1.148,24.108,2019-01-30,20:47:00,Cash,22.96,4.761904762,1.148,4.3
627953243,Cairo,Mandalay,Member,Female,Home and lifestyle,77.68,9,34.956,734.076,2019-02-04,13:21:00,Ewallet,699.12,4.761904762,34.956,9.8
686410932,Cairo,Mandalay,Normal,Female,Fashion accessories,34.7,2,3.47,72.87,2019-03-13,19:48:00,Ewallet,69.4,4.761904762,3.47,8.2
510095628,Alex,Yangon,Member,Female,Fashion accessories,19.66,10,9.83,206.43,2019-03-15,18:20:00,Credit card,196.6,4.761904762,9.83,7.2
608043797,Cairo,Mandalay,Member,Female,Health and beauty,25.32,8,10.128,212.688,2019-03-05,20:24:00,Ewallet,202.56,4.761904762,10.128,8.7
148822527,Giza,Naypyitaw,Member,Female,Home and lifestyle,12.12,10,6.06,127.26,2019-03-05,13:44:00,Credit card,121.2,4.761904762,6.06,8.4
437533084,Cairo,Mandalay,Normal,Male,Fashion accessories,99.89,2,9.989,209.769,2019-02-26,11:48:00,Ewallet,199.78,4.761904762,9.989,7.1
632324574,Cairo,Mandalay,Normal,Male,Sports and travel,75.92,8,30.368,637.728,2019-03-20,14:14:00,Cash,607.36,4.761904762,30.368,5.5
556977101,Giza,Naypyitaw,Normal,Female,Electronic accessories,63.22,2,6.322,132.762,2019-01-01,15:51:00,Cash,126.44,4.761904762,6.322,8.5
862598517,Giza,Naypyitaw,Normal,Female,Food and beverages,90.24,6,27.072,568.512,2019-01-27,11:17:00,Cash,541.44,4.761904762,27.072,6.2
401188016,Cairo,Mandalay,Member,Female,Sports and travel,98.13,1,4.9065,103.0365,2019-01-21,17:36:00,Cash,98.13,4.761904762,4.9065,8.9
420188989,Alex,Yangon,Member,Female,Sports and travel,51.52,8,20.608,432.768,2019-02-02,15:47:00,Cash,412.16,4.761904762,20.608,9.6
277632961,Cairo,Mandalay,Member,Male,Sports and travel,73.97,1,3.6985,77.6685,2019-02-03,15:53:00,Credit card,73.97,4.761904762,3.6985,5.4
573988548,Giza,Naypyitaw,Member,Female,Fashion accessories,31.9,1,1.595,33.495,2019-01-05,12:40:00,Ewallet,31.9,4.761904762,1.595,9.1
620022046,Giza,Naypyitaw,Normal,Male,Home and lifestyle,69.4,2,6.94,145.74,2019-01-27,19:48:00,Ewallet,138.8,4.761904762,6.94,9.0
282352475,Cairo,Mandalay,Normal,Female,Sports and travel,93.31,2,9.331,195.951,2019-03-25,17:53:00,Cash,186.62,4.761904762,9.331,6.3
511543087,Cairo,Mandalay,Normal,Male,Sports and travel,88.45,1,4.4225,92.8725,2019-02-25,16:36:00,Credit card,88.45,4.761904762,4.4225,9.5
726296793,Alex,Yangon,Member,Male,Electronic accessories,24.18,8,9.672,203.112,2019-01-28,20:54:00,Ewallet,193.44,4.761904762,9.672,9.8
387494215,Cairo,Mandalay,Member,Female,Sports and travel,48.5,3,7.275,152.775,2019-01-08,12:50:00,Cash,145.5,4.761904762,7.275,6.7
862179201,Cairo,Mandalay,Normal,Female,Food and beverages,84.05,6,25.215,529.515,2019-01-29,10:48:00,Credit card,504.3,4.761904762,25.215,7.7
291215991,Cairo,Mandalay,Member,Male,Health and beauty,61.29,5,15.3225,321.7725,2019-03-29,14:28:00,Cash,306.45,4.761904762,15.3225,7.0
602809671,Giza,Naypyitaw,Member,Female,Home and lifestyle,15.95,6,4.785,100.485,2019-02-09,17:15:00,Credit card,95.7,4.761904762,4.785,5.1
347726115,Cairo,Mandalay,Member,Female,Sports and travel,90.74,7,31.759,666.939,2019-01-16,18:03:00,Credit card,635.18,4.761904762,31.759,6.2
209610206,Alex,Yangon,Normal,Female,Home and lifestyle,42.91,5,10.7275,225.2775,2019-01-05,17:29:00,Ewallet,214.55,4.761904762,10.7275,6.1
595274851,Alex,Yangon,Normal,Female,Fashion accessories,54.28,7,18.998,398.958,2019-01-27,18:05:00,Ewallet,379.96,4.761904762,18.998,9.3
189520236,Alex,Yangon,Normal,Male,Electronic accessories,99.55,7,34.8425,731.6925,2019-03-14,12:07:00,Cash,696.85,4.761904762,34.8425,7.6
503070930,Giza,Naypyitaw,Member,Male,Sports and travel,58.39,7,20.4365,429.1665,2019-02-23,19:49:00,Credit card,408.73,4.761904762,20.4365,8.2
413206708,Giza,Naypyitaw,Member,Female,Fashion accessories,51.47,1,2.5735,54.0435,2019-03-18,15:52:00,Ewallet,51.47,4.761904762,2.5735,8.5
425852085,Cairo,Mandalay,Member,Male,Health and beauty,54.86,5,13.715,288.015,2019-03-29,16:48:00,Ewallet,274.3,4.761904762,13.715,9.8
521187827,Giza,Naypyitaw,Member,Male,Home and lifestyle,39.39,5,9.8475,206.7975,2019-01-22,20:46:00,Credit card,196.95,4.761904762,9.8475,8.7
220281851,Alex,Yangon,Normal,Male,Home and lifestyle,34.73,2,3.473,72.933,2019-03-01,18:14:00,Ewallet,69.46,4.761904762,3.473,9.7
600389738,Giza,Naypyitaw,Member,Male,Sports and travel,71.92,5,17.98,377.58,2019-01-17,15:05:00,Credit card,359.6,4.761904762,17.98,4.3
734911155,Cairo,Mandalay,Normal,Female,Electronic accessories,45.71,3,6.8565,143.9865,2019-03-26,10:34:00,Credit card,137.13,4.761904762,6.8565,7.7
451285717,Giza,Naypyitaw,Member,Female,Home and lifestyle,83.17,6,24.951,523.971,2019-03-20,11:23:00,Cash,499.02,4.761904762,24.951,7.3
609818548,Alex,Yangon,Member,Female,Home and lifestyle,37.44,6,11.232,235.872,2019-02-06,13:55:00,Credit card,224.64,4.761904762,11.232,5.9
133147229,Giza,Naypyitaw,Normal,Male,Health and beauty,62.87,2,6.287,132.027,2019-01-01,11:43:00,Cash,125.74,4.761904762,6.287,5.0
534014457,Alex,Yangon,Normal,Male,Food and beverages,81.71,6,24.513,514.773,2019-01-27,14:36:00,Credit card,490.26,4.761904762,24.513,8.0
719898991,Alex,Yangon,Member,Female,Sports and travel,91.41,5,22.8525,479.9025,2019-02-25,16:03:00,Ewallet,457.05,4.761904762,22.8525,7.1
286626248,Cairo,Mandalay,Normal,Male,Fashion accessories,39.21,4,7.842,164.682,2019-01-16,20:03:00,Credit card,156.84,4.761904762,7.842,9.0
339389982,Cairo,Mandalay,Member,Male,Fashion accessories,59.86,2,5.986,125.706,2019-01-13,14:55:00,Ewallet,119.72,4.761904762,5.986,6.7
827445872,Cairo,Mandalay,Member,Female,Food and beverages,54.36,10,27.18,570.78,2019-02-07,11:28:00,Credit card,543.6,4.761904762,27.18,6.1
827777633,Alex,Yangon,Normal,Male,Sports and travel,98.09,9,44.1405,926.9505,2019-02-17,19:41:00,Cash,882.81,4.761904762,44.1405,9.3
287831405,Alex,Yangon,Normal,Male,Health and beauty,25.43,6,7.629,160.209,2019-02-12,19:01:00,Ewallet,152.58,4.761904762,7.629,7.0
435134908,Alex,Yangon,Member,Male,Fashion accessories,86.68,8,34.672,728.112,2019-01-24,18:04:00,Credit card,693.44,4.761904762,34.672,7.2
857679057,Cairo,Mandalay,Normal,Male,Electronic accessories,22.95,10,11.475,240.975,2019-02-06,19:20:00,Ewallet,229.5,4.761904762,11.475,8.2
236271144,Giza,Naypyitaw,Normal,Female,Food and beverages,16.31,9,7.3395,154.1295,2019-03-26,10:31:00,Ewallet,146.79,4.761904762,7.3395,8.4
892056689,Alex,Yangon,Normal,Female,Home and lifestyle,28.32,5,7.08,148.68,2019-03-11,13:28:00,Ewallet,141.6,4.761904762,7.08,6.2
583414548,Giza,Naypyitaw,Normal,Male,Home and lifestyle,16.67,7,5.8345,122.5245,2019-02-07,11:36:00,Ewallet,116.69,4.761904762,5.8345,7.4
339124827,Cairo,Mandalay,Member,Female,Fashion accessories,73.96,1,3.698,77.658,2019-01-05,11:32:00,Credit card,73.96,4.761904762,3.698,5.0
643387867,Alex,Yangon,Normal,Male,Home and lifestyle,97.94,1,4.897,102.837,2019-03-07,11:44:00,Ewallet,97.94,4.761904762,4.897,6.9
308810538,Alex,Yangon,Normal,Female,Fashion accessories,73.05,4,14.61,306.81,2019-02-25,17:16:00,Credit card,292.2,4.761904762,14.61,4.9
358889262,Giza,Naypyitaw,Member,Female,Food and beverages,87.48,6,26.244,551.124,2019-02-01,18:43:00,Ewallet,524.88,4.761904762,26.244,5.1
460354390,Alex,Yangon,Normal,Male,Home and lifestyle,30.68,3,4.602,96.642,2019-01-22,11:00:00,Ewallet,92.04,4.761904762,4.602,9.1
343870864,Giza,Naypyitaw,Member,Male,Health and beauty,75.88,1,3.794,79.674,2019-01-03,10:30:00,Credit card,75.88,4.761904762,3.794,7.1
173501108,Cairo,Mandalay,Member,Female,Sports and travel,20.18,4,4.036,84.756,2019-02-13,12:14:00,Credit card,80.72,4.761904762,4.036,5.0
243472663,Giza,Naypyitaw,Member,Male,Electronic accessories,18.77,6,5.631,118.251,2019-01-28,16:43:00,Credit card,112.62,4.761904762,5.631,5.5
841188232,Cairo,Mandalay,Normal,Female,Food and beverages,71.2,1,3.56,74.76,2019-01-05,20:40:00,Credit card,71.2,4.761904762,3.56,9.2
701235550,Cairo,Mandalay,Member,Male,Home and lifestyle,38.81,4,7.762,163.002,2019-03-19,13:40:00,Ewallet,155.24,4.761904762,7.762,4.9
647501224,Alex,Yangon,Normal,Female,Fashion accessories,29.42,10,14.71,308.91,2019-01-12,16:23:00,Ewallet,294.2,4.761904762,14.71,8.9
541488554,Alex,Yangon,Normal,Male,Sports and travel,60.95,9,27.4275,575.9775,2019-01-07,12:08:00,Credit card,548.55,4.761904762,27.4275,6.0
539217227,Cairo,Mandalay,Normal,Female,Sports and travel,51.54,5,12.885,270.585,2019-01-26,17:45:00,Cash,257.7,4.761904762,12.885,4.2
213321216,Alex,Yangon,Normal,Female,Electronic accessories,66.06,6,19.818,416.178,2019-01-23,10:28:00,Cash,396.36,4.761904762,19.818,7.3
747587183,Cairo,Mandalay,Normal,Male,Fashion accessories,57.27,3,8.5905,180.4005,2019-02-09,20:31:00,Ewallet,171.81,4.761904762,8.5905,6.5
582528065,Cairo,Mandalay,Normal,Female,Fashion accessories,54.31,9,24.4395,513.2295,2019-02-22,10:49:00,Cash,488.79,4.761904762,24.4395,8.9
210571719,Cairo,Mandalay,Normal,Female,Health and beauty,58.24,9,26.208,550.368,2019-02-05,12:34:00,Cash,524.16,4.761904762,26.208,9.7
399694630,Giza,Naypyitaw,Normal,Male,Electronic accessories,22.21,6,6.663,139.923,2019-03-07,10:23:00,Credit card,133.26,4.761904762,6.663,8.6
134752619,Alex,Yangon,Member,Male,Electronic accessories,19.32,7,6.762,142.002,2019-03-25,18:51:00,Cash,135.24,4.761904762,6.762,6.9
356448813,Cairo,Mandalay,Normal,Male,Home and lifestyle,37.48,3,5.622,118.062,2019-01-20,13:45:00,Credit card,112.44,4.761904762,5.622,7.7
198669832,Cairo,Mandalay,Member,Female,Fashion accessories,72.04,2,7.204,151.284,2019-02-04,19:38:00,Cash,144.08,4.761904762,7.204,9.5
283265248,Giza,Naypyitaw,Member,Female,Food and beverages,98.52,10,49.26,1034.46,2019-01-30,20:23:00,Ewallet,985.2,4.761904762,49.26,4.5
712390363,Alex,Yangon,Member,Male,Food and beverages,41.66,6,12.498,262.458,2019-01-02,15:24:00,Ewallet,249.96,4.761904762,12.498,5.6
218599410,Alex,Yangon,Member,Female,Home and lifestyle,72.42,3,10.863,228.123,2019-03-29,16:54:00,Ewallet,217.26,4.761904762,10.863,8.2
174750888,Cairo,Mandalay,Normal,Male,Electronic accessories,21.58,9,9.711,203.931,2019-03-14,12:32:00,Cash,194.22,4.761904762,9.711,7.3
866997614,Giza,Naypyitaw,Normal,Male,Food and beverages,89.2,10,44.6,936.6,2019-02-11,15:42:00,Credit card,892.0,4.761904762,44.6,4.4
134544720,Cairo,Mandalay,Normal,Female,Electronic accessories,42.42,8,16.968,356.328,2019-01-30,13:58:00,Ewallet,339.36,4.761904762,16.968,5.7
760902357,Alex,Yangon,Member,Male,Electronic accessories,74.51,6,22.353,469.413,2019-03-20,15:08:00,Ewallet,447.06,4.761904762,22.353,5.0
514372845,Cairo,Mandalay,Normal,Male,Fashion accessories,99.25,2,9.925,208.425,2019-03-20,13:02:00,Cash,198.5,4.761904762,9.925,9.0
698985964,Alex,Yangon,Normal,Female,Food and beverages,81.21,10,40.605,852.705,2019-01-17,13:01:00,Credit card,812.1,4.761904762,40.605,6.3
718579773,Giza,Naypyitaw,Normal,Female,Sports and travel,49.33,10,24.665,517.965,2019-02-03,16:40:00,Credit card,493.3,4.761904762,24.665,9.4
651887328,Alex,Yangon,Normal,Female,Fashion accessories,65.74,9,29.583,621.243,2019-01-01,13:55:00,Cash,591.66,4.761904762,29.583,7.7
241112261,Cairo,Mandalay,Normal,Female,Fashion accessories,79.86,7,27.951,586.971,2019-01-10,10:33:00,Credit card,559.02,4.761904762,27.951,5.5
408269866,Giza,Naypyitaw,Normal,Female,Sports and travel,73.98,7,25.893,543.753,2019-03-02,16:42:00,Ewallet,517.86,4.761904762,25.893,4.1
834831826,Cairo,Mandalay,Member,Female,Home and lifestyle,82.04,5,20.51,430.71,2019-02-25,17:16:00,Credit card,410.2,4.761904762,20.51,7.6
343613544,Cairo,Mandalay,Member,Male,Sports and travel,26.67,10,13.335,280.035,2019-01-29,11:48:00,Cash,266.7,4.761904762,13.335,8.6
239484278,Alex,Yangon,Member,Male,Food and beverages,10.13,7,3.5455,74.4555,2019-03-10,19:35:00,Ewallet,70.91,4.761904762,3.5455,8.3
355346244,Cairo,Mandalay,Normal,Male,Food and beverages,72.39,2,7.239,152.019,2019-01-13,19:55:00,Credit card,144.78,4.761904762,7.239,8.1
550848664,Alex,Yangon,Normal,Male,Sports and travel,85.91,5,21.4775,451.0275,2019-03-22,14:33:00,Credit card,429.55,4.761904762,21.4775,8.6
339968318,Cairo,Mandalay,Member,Male,Fashion accessories,81.31,7,28.4585,597.6285,2019-03-01,19:49:00,Ewallet,569.17,4.761904762,28.4585,6.3
458610011,Cairo,Mandalay,Normal,Male,Food and beverages,60.3,4,12.06,253.26,2019-02-20,18:43:00,Cash,241.2,4.761904762,12.06,5.8
592346155,Giza,Naypyitaw,Normal,Male,Food and beverages,31.77,4,6.354,133.434,2019-01-14,14:43:00,Ewallet,127.08,4.761904762,6.354,6.2
797880493,Alex,Yangon,Normal,Female,Health and beauty,64.27,4,12.854,269.934,2019-03-26,13:54:00,Cash,257.08,4.761904762,12.854,7.7
207731363,Cairo,Mandalay,Normal,Male,Health and beauty,69.51,2,6.951,145.971,2019-03-01,12:15:00,Ewallet,139.02,4.761904762,6.951,8.1
390316381,Giza,Naypyitaw,Normal,Male,Food and beverages,27.22,3,4.083,85.743,2019-01-07,12:37:00,Cash,81.66,4.761904762,4.083,7.3
443820585,Alex,Yangon,Member,Female,Health and beauty,77.68,4,15.536,326.256,2019-02-01,19:54:00,Cash,310.72,4.761904762,15.536,8.4
339187061,Giza,Naypyitaw,Member,Female,Fashion accessories,92.98,2,9.298,195.258,2019-02-13,15:06:00,Credit card,185.96,4.761904762,9.298,8.0
359903665,Cairo,Mandalay,Member,Female,Fashion accessories,18.08,4,3.616,75.936,2019-01-14,18:03:00,Credit card,72.32,4.761904762,3.616,9.5
375723056,Cairo,Mandalay,Normal,Male,Sports and travel,63.06,3,9.459,198.639,2019-01-19,15:58:00,Ewallet,189.18,4.761904762,9.459,7.0
127476963,Alex,Yangon,Normal,Male,Health and beauty,51.71,4,10.342,217.182,2019-03-09,13:53:00,Credit card,206.84,4.761904762,10.342,9.8
278862735,Alex,Yangon,Normal,Female,Food and beverages,52.34,3,7.851,164.871,2019-03-27,14:03:00,Cash,157.02,4.761904762,7.851,9.2
695286250,Alex,Yangon,Normal,Female,Sports and travel,43.06,5,10.765,226.065,2019-02-04,16:38:00,Ewallet,215.3,4.761904762,10.765,7.7
379176588,Giza,Naypyitaw,Normal,Male,Fashion accessories,59.61,10,29.805,625.905,2019-03-14,11:07:00,Cash,596.1,4.761904762,29.805,5.3
227503718,Alex,Yangon,Normal,Male,Health and beauty,14.62,5,3.655,76.755,2019-03-04,12:23:00,Cash,73.1,4.761904762,3.655,4.4
302152162,Giza,Naypyitaw,Member,Male,Health and beauty,46.53,6,13.959,293.139,2019-03-03,10:54:00,Credit card,279.18,4.761904762,13.959,4.3
788078452,Giza,Naypyitaw,Member,Female,Home and lifestyle,24.24,7,8.484,178.164,2019-01-27,17:38:00,Ewallet,169.68,4.761904762,8.484,9.4
560496611,Alex,Yangon,Member,Female,Sports and travel,45.58,1,2.279,47.859,2019-02-07,14:13:00,Cash,45.58,4.761904762,2.279,9.8
880350356,Alex,Yangon,Member,Female,Sports and travel,75.2,3,11.28,236.88,2019-02-05,11:51:00,Ewallet,225.6,4.761904762,11.28,4.8
585116748,Cairo,Mandalay,Member,Male,Sports and travel,96.8,3,14.52,304.92,2019-03-15,13:05:00,Cash,290.4,4.761904762,14.52,5.3
470313286,Cairo,Mandalay,Normal,Male,Health and beauty,14.82,3,2.223,46.683,2019-03-01,11:30:00,Credit card,44.46,4.761904762,2.223,8.7
152682907,Alex,Yangon,Normal,Male,Food and beverages,52.2,3,7.83,164.43,2019-02-15,13:30:00,Credit card,156.6,4.761904762,7.83,9.5
123354896,Giza,Naypyitaw,Normal,Female,Sports and travel,46.66,9,20.997,440.937,2019-02-17,19:11:00,Ewallet,419.94,4.761904762,20.997,5.3
258697810,Giza,Naypyitaw,Normal,Female,Fashion accessories,36.85,5,9.2125,193.4625,2019-01-26,18:53:00,Cash,184.25,4.761904762,9.2125,9.2
334642006,Alex,Yangon,Member,Female,Home and lifestyle,70.32,2,7.032,147.672,2019-03-24,14:22:00,Ewallet,140.64,4.761904762,7.032,9.6
219614139,Giza,Naypyitaw,Normal,Male,Electronic accessories,83.08,1,4.154,87.234,2019-01-23,17:16:00,Ewallet,83.08,4.761904762,4.154,6.4
881417302,Giza,Naypyitaw,Normal,Female,Fashion accessories,64.99,1,3.2495,68.2395,2019-01-26,10:06:00,Credit card,64.99,4.761904762,3.2495,4.5
373094567,Giza,Naypyitaw,Normal,Male,Food and beverages,77.56,10,38.78,814.38,2019-03-14,20:35:00,Ewallet,775.6,4.761904762,38.78,6.9
642306693,Cairo,Mandalay,Normal,Female,Sports and travel,54.51,6,16.353,343.413,2019-03-17,13:54:00,Ewallet,327.06,4.761904762,16.353,7.8
484228230,Giza,Naypyitaw,Member,Female,Fashion accessories,51.89,7,18.1615,381.3915,2019-01-08,20:08:00,Cash,363.23,4.761904762,18.1615,4.5
830582383,Cairo,Mandalay,Normal,Male,Home and lifestyle,31.75,4,6.35,133.35,2019-02-08,15:26:00,Cash,127.0,4.761904762,6.35,8.6
559989873,Alex,Yangon,Member,Female,Fashion accessories,53.65,7,18.7775,394.3275,2019-02-10,12:56:00,Ewallet,375.55,4.761904762,18.7775,5.2
544325024,Giza,Naypyitaw,Member,Female,Food and beverages,49.79,4,9.958,209.118,2019-03-28,19:16:00,Credit card,199.16,4.761904762,9.958,6.4
318120304,Alex,Yangon,Normal,Male,Fashion accessories,30.61,1,1.5305,32.1405,2019-01-23,12:20:00,Ewallet,30.61,4.761904762,1.5305,5.2
349978902,Cairo,Mandalay,Member,Male,Food and beverages,57.89,2,5.789,121.569,2019-01-17,10:37:00,Ewallet,115.78,4.761904762,5.789,8.9
421959805,Alex,Yangon,Normal,Female,Electronic accessories,28.96,1,1.448,30.408,2019-02-07,10:18:00,Credit card,28.96,4.761904762,1.448,6.2
277355865,Giza,Naypyitaw,Member,Female,Food and beverages,98.97,9,44.5365,935.2665,2019-03-09,11:23:00,Cash,890.73,4.761904762,44.5365,6.7
789238625,Cairo,Mandalay,Member,Male,Fashion accessories,93.22,3,13.983,293.643,2019-01-24,11:45:00,Cash,279.66,4.761904762,13.983,7.2
284544231,Giza,Naypyitaw,Member,Male,Sports and travel,80.93,1,4.0465,84.9765,2019-01-19,16:08:00,Credit card,80.93,4.761904762,4.0465,9.0
443590061,Alex,Yangon,Member,Male,Food and beverages,67.45,10,33.725,708.225,2019-02-03,11:25:00,Ewallet,674.5,4.761904762,33.725,4.2
509293912,Alex,Yangon,Member,Female,Sports and travel,38.72,9,17.424,365.904,2019-03-20,12:24:00,Ewallet,348.48,4.761904762,17.424,4.2
327409673,Cairo,Mandalay,Member,Male,Sports and travel,72.6,6,21.78,457.38,2019-01-13,19:51:00,Cash,435.6,4.761904762,21.78,6.9
840192096,Giza,Naypyitaw,Member,Male,Electronic accessories,87.91,5,21.9775,461.5275,2019-03-14,18:10:00,Ewallet,439.55,4.761904762,21.9775,4.4
828466863,Alex,Yangon,Member,Male,Food and beverages,98.53,6,29.559,620.739,2019-01-23,11:22:00,Credit card,591.18,4.761904762,29.559,4.0
641963695,Giza,Naypyitaw,Member,Female,Fashion accessories,43.46,6,13.038,273.798,2019-02-07,17:55:00,Ewallet,260.76,4.761904762,13.038,8.5
420973340,Alex,Yangon,Normal,Female,Food and beverages,71.68,3,10.752,225.792,2019-03-28,15:30:00,Credit card,215.04,4.761904762,10.752,9.2
436544512,Alex,Yangon,Member,Female,Food and beverages,91.61,1,4.5805,96.1905,2019-03-20,19:44:00,Cash,91.61,4.761904762,4.5805,9.8
670796321,Cairo,Mandalay,Member,Female,Home and lifestyle,94.59,7,33.1065,695.2365,2019-01-17,15:27:00,Credit card,662.13,4.761904762,33.1065,4.9
852627105,Cairo,Mandalay,Normal,Female,Fashion accessories,83.25,10,41.625,874.125,2019-01-12,11:25:00,Credit card,832.5,4.761904762,41.625,4.4
598067312,Cairo,Mandalay,Member,Male,Fashion accessories,91.35,1,4.5675,95.9175,2019-02-16,15:42:00,Cash,91.35,4.761904762,4.5675,6.8
135138269,Cairo,Mandalay,Member,Female,Food and beverages,78.88,2,7.888,165.648,2019-01-26,16:04:00,Cash,157.76,4.761904762,7.888,9.1
816572053,Alex,Yangon,Normal,Male,Sports and travel,60.87,2,6.087,127.827,2019-03-09,12:37:00,Ewallet,121.74,4.761904762,6.087,8.7
628908624,Cairo,Mandalay,Member,Male,Health and beauty,82.58,10,41.29,867.09,2019-03-14,14:41:00,Cash,825.8,4.761904762,41.29,5.0
856662701,Alex,Yangon,Member,Male,Home and lifestyle,53.3,3,7.995,167.895,2019-01-25,14:19:00,Ewallet,159.9,4.761904762,7.995,7.5
308391707,Alex,Yangon,Normal,Female,Fashion accessories,12.09,1,0.6045,12.6945,2019-01-26,18:19:00,Credit card,12.09,4.761904762,0.6045,8.2
149611929,Alex,Yangon,Normal,Male,Sports and travel,64.19,10,32.095,673.995,2019-01-19,14:08:00,Credit card,641.9,4.761904762,32.095,6.7
655072265,Alex,Yangon,Normal,Male,Electronic accessories,78.31,3,11.7465,246.6765,2019-03-05,16:38:00,Ewallet,234.93,4.761904762,11.7465,5.4
589028023,Alex,Yangon,Member,Male,Food and beverages,83.77,2,8.377,175.917,2019-01-15,10:54:00,Credit card,167.54,4.761904762,8.377,7.0
420047590,Cairo,Mandalay,Normal,Male,Home and lifestyle,99.7,3,14.955,314.055,2019-03-18,11:29:00,Ewallet,299.1,4.761904762,14.955,4.7
182882763,Cairo,Mandalay,Member,Male,Food and beverages,79.91,3,11.9865,251.7165,2019-03-20,19:28:00,Credit card,239.73,4.761904762,11.9865,5.0
188550967,Cairo,Mandalay,Member,Male,Health and beauty,66.47,10,33.235,697.935,2019-01-15,15:01:00,Credit card,664.7,4.761904762,33.235,5.0
610464100,Alex,Yangon,Normal,Male,Health and beauty,28.95,7,10.1325,212.7825,2019-03-03,20:31:00,Credit card,202.65,4.761904762,10.1325,6.0
318812368,Giza,Naypyitaw,Normal,Female,Electronic accessories,46.2,1,2.31,48.51,2019-03-19,12:16:00,Cash,46.2,4.761904762,2.31,6.3
364338584,Cairo,Mandalay,Member,Female,Food and beverages,17.63,5,4.4075,92.5575,2019-03-08,15:27:00,Cash,88.15,4.761904762,4.4075,8.5
665639737,Cairo,Mandalay,Normal,Male,Fashion accessories,52.42,3,7.863,165.123,2019-02-27,17:36:00,Ewallet,157.26,4.761904762,7.863,7.5
695095146,Cairo,Mandalay,Member,Female,Food and beverages,98.79,3,14.8185,311.1885,2019-02-23,20:00:00,Ewallet,296.37,4.761904762,14.8185,6.4
155453814,Giza,Naypyitaw,Member,Female,Electronic accessories,88.55,8,35.42,743.82,2019-03-19,15:29:00,Ewallet,708.4,4.761904762,35.42,4.7
794322436,Cairo,Mandalay,Member,Male,Electronic accessories,55.67,2,5.567,116.907,2019-03-27,15:08:00,Ewallet,111.34,4.761904762,5.567,6.0
131158856,Giza,Naypyitaw,Member,Female,Food and beverages,72.52,8,29.008,609.168,2019-03-30,19:26:00,Credit card,580.16,4.761904762,29.008,4.0
273842164,Giza,Naypyitaw,Member,Male,Electronic accessories,12.05,5,3.0125,63.2625,2019-02-16,15:53:00,Ewallet,60.25,4.761904762,3.0125,5.5
706366154,Alex,Yangon,Member,Male,Home and lifestyle,19.36,9,8.712,182.952,2019-01-18,18:43:00,Ewallet,174.24,4.761904762,8.712,8.7
778897974,Giza,Naypyitaw,Normal,Male,Health and beauty,70.21,6,21.063,442.323,2019-03-30,14:58:00,Cash,421.26,4.761904762,21.063,7.4
574318277,Cairo,Mandalay,Member,Male,Fashion accessories,33.63,1,1.6815,35.3115,2019-03-20,19:55:00,Cash,33.63,4.761904762,1.6815,5.6
859710933,Giza,Naypyitaw,Member,Female,Sports and travel,15.49,2,1.549,32.529,2019-01-16,15:10:00,Cash,30.98,4.761904762,1.549,6.3
740115257,Giza,Naypyitaw,Normal,Male,Electronic accessories,24.74,10,12.37,259.77,2019-02-24,16:44:00,Cash,247.4,4.761904762,12.37,7.1
369822676,Cairo,Mandalay,Normal,Male,Electronic accessories,75.66,5,18.915,397.215,2019-01-15,18:22:00,Ewallet,378.3,4.761904762,18.915,7.8
563474072,Cairo,Mandalay,Normal,Female,Health and beauty,55.81,6,16.743,351.603,2019-01-22,11:52:00,Cash,334.86,4.761904762,16.743,9.9
742045161,Alex,Yangon,Member,Male,Home and lifestyle,72.78,10,36.39,764.19,2019-02-03,17:24:00,Cash,727.8,4.761904762,36.39,7.3
149157606,Cairo,Mandalay,Member,Male,Sports and travel,37.32,9,16.794,352.674,2019-03-06,15:31:00,Ewallet,335.88,4.761904762,16.794,5.1
133773154,Cairo,Mandalay,Member,Male,Fashion accessories,60.18,4,12.036,252.756,2019-02-16,18:04:00,Credit card,240.72,4.761904762,12.036,9.4
169524504,Alex,Yangon,Normal,Female,Electronic accessories,15.69,3,2.3535,49.4235,2019-03-14,14:13:00,Credit card,47.07,4.761904762,2.3535,5.8
250817186,Giza,Naypyitaw,Normal,Female,Electronic accessories,99.69,1,4.9845,104.6745,2019-02-27,10:23:00,Credit card,99.69,4.761904762,4.9845,8.0
562125430,Alex,Yangon,Member,Female,Fashion accessories,88.15,3,13.2225,277.6725,2019-01-18,10:11:00,Ewallet,264.45,4.761904762,13.2225,7.9
816728853,Alex,Yangon,Member,Female,Sports and travel,27.93,5,6.9825,146.6325,2019-01-29,15:48:00,Cash,139.65,4.761904762,6.9825,5.9
491383499,Alex,Yangon,Member,Male,Fashion accessories,55.45,1,2.7725,58.2225,2019-02-26,17:46:00,Credit card,55.45,4.761904762,2.7725,4.9
322022271,Cairo,Mandalay,Normal,Female,Sports and travel,42.97,3,6.4455,135.3555,2019-02-03,11:46:00,Cash,128.91,4.761904762,6.4455,9.3
842294695,Giza,Naypyitaw,Member,Male,Sports and travel,17.14,7,5.999,125.979,2019-01-16,12:07:00,Credit card,119.98,4.761904762,5.999,7.9
725672480,Cairo,Mandalay,Member,Female,Fashion accessories,58.75,6,17.625,370.125,2019-03-24,18:14:00,Credit card,352.5,4.761904762,17.625,5.9
641512661,Giza,Naypyitaw,Member,Female,Food and beverages,87.1,10,43.55,914.55,2019-02-12,14:45:00,Credit card,871.0,4.761904762,43.55,9.9
714023114,Giza,Naypyitaw,Normal,Female,Sports and travel,98.8,2,9.88,207.48,2019-02-21,11:39:00,Cash,197.6,4.761904762,9.88,7.7
518172983,Alex,Yangon,Normal,Female,Fashion accessories,48.63,4,9.726,204.246,2019-02-04,15:44:00,Ewallet,194.52,4.761904762,9.726,7.6
779422410,Cairo,Mandalay,Member,Male,Food and beverages,57.74,3,8.661,181.881,2019-02-20,13:06:00,Ewallet,173.22,4.761904762,8.661,7.7
190143147,Cairo,Mandalay,Normal,Female,Health and beauty,17.97,4,3.594,75.474,2019-02-23,20:43:00,Ewallet,71.88,4.761904762,3.594,6.4
408666712,Giza,Naypyitaw,Member,Female,Health and beauty,47.71,6,14.313,300.573,2019-02-16,14:19:00,Ewallet,286.26,4.761904762,14.313,4.4
679226530,Cairo,Mandalay,Normal,Female,Sports and travel,40.62,2,4.062,85.302,2019-01-17,10:01:00,Credit card,81.24,4.761904762,4.062,4.1
588478641,Alex,Yangon,Member,Male,Fashion accessories,56.04,10,28.02,588.42,2019-01-14,19:30:00,Ewallet,560.4,4.761904762,28.02,4.4
642614706,Cairo,Mandalay,Member,Male,Food and beverages,93.4,2,9.34,196.14,2019-03-30,16:34:00,Cash,186.8,4.761904762,9.34,5.5
576314774,Cairo,Mandalay,Normal,Female,Health and beauty,73.41,3,11.0115,231.2415,2019-03-02,13:10:00,Ewallet,220.23,4.761904762,11.0115,4.0
556416224,Giza,Naypyitaw,Normal,Male,Health and beauty,33.64,8,13.456,282.576,2019-02-15,17:10:00,Credit card,269.12,4.761904762,13.456,9.3
811038790,Alex,Yangon,Normal,Female,Electronic accessories,45.48,10,22.74,477.54,2019-03-01,10:22:00,Credit card,454.8,4.761904762,22.74,4.8
242113142,Cairo,Mandalay,Member,Male,Fashion accessories,83.77,2,8.377,175.917,2019-02-24,19:57:00,Cash,167.54,4.761904762,8.377,4.6
752233760,Cairo,Mandalay,Member,Female,Sports and travel,64.08,7,22.428,470.988,2019-02-19,19:29:00,Credit card,448.56,4.761904762,22.428,7.3
274055470,Alex,Yangon,Member,Female,Food and beverages,73.47,4,14.694,308.574,2019-02-23,18:30:00,Cash,293.88,4.761904762,14.694,6.0
648943045,Giza,Naypyitaw,Normal,Male,Health and beauty,58.95,10,29.475,618.975,2019-02-07,14:27:00,Ewallet,589.5,4.761904762,29.475,8.1
130674723,Alex,Yangon,Member,Male,Food and beverages,48.5,6,14.55,305.55,2019-01-11,13:57:00,Ewallet,291.0,4.761904762,14.55,9.4
528875606,Cairo,Mandalay,Member,Female,Electronic accessories,39.48,1,1.974,41.454,2019-02-12,19:43:00,Cash,39.48,4.761904762,1.974,6.5
320852052,Cairo,Mandalay,Normal,Female,Sports and travel,34.81,1,1.7405,36.5505,2019-01-14,10:11:00,Credit card,34.81,4.761904762,1.7405,7.0
370960655,Giza,Naypyitaw,Normal,Female,Fashion accessories,49.32,6,14.796,310.716,2019-01-09,13:46:00,Ewallet,295.92,4.761904762,14.796,7.1
105106182,Alex,Yangon,Member,Male,Fashion accessories,21.48,2,2.148,45.108,2019-02-27,12:22:00,Ewallet,42.96,4.761904762,2.148,6.6
510790415,Cairo,Mandalay,Member,Female,Sports and travel,23.08,6,6.924,145.404,2019-01-24,19:20:00,Ewallet,138.48,4.761904762,6.924,4.9
241965076,Cairo,Mandalay,Member,Female,Home and lifestyle,49.1,2,4.91,103.11,2019-01-08,12:58:00,Credit card,98.2,4.761904762,4.91,6.4
767974650,Cairo,Mandalay,Member,Female,Sports and travel,64.83,2,6.483,136.143,2019-01-08,11:59:00,Credit card,129.66,4.761904762,6.483,8.0
648831321,Alex,Yangon,Member,Male,Home and lifestyle,63.56,10,31.78,667.38,2019-01-16,17:59:00,Cash,635.6,4.761904762,31.78,4.3
173572300,Giza,Naypyitaw,Member,Male,Sports and travel,72.88,2,7.288,153.048,2019-03-13,12:51:00,Cash,145.76,4.761904762,7.288,6.1
305032383,Alex,Yangon,Normal,Female,Food and beverages,67.1,3,10.065,211.365,2019-02-15,10:36:00,Cash,201.3,4.761904762,10.065,7.5
394556384,Giza,Naypyitaw,Member,Female,Sports and travel,70.19,9,31.5855,663.2955,2019-01-25,13:38:00,Cash,631.71,4.761904762,31.5855,6.7
266206657,Giza,Naypyitaw,Member,Male,Food and beverages,55.04,7,19.264,404.544,2019-03-12,19:39:00,Ewallet,385.28,4.761904762,19.264,5.2
689051884,Alex,Yangon,Member,Male,Health and beauty,48.63,10,24.315,510.615,2019-03-04,12:44:00,Cash,486.3,4.761904762,24.315,8.8
196012849,Giza,Naypyitaw,Member,Female,Fashion accessories,73.38,7,25.683,539.343,2019-02-10,13:56:00,Cash,513.66,4.761904762,25.683,9.5
372625264,Giza,Naypyitaw,Normal,Female,Food and beverages,52.6,9,23.67,497.07,2019-01-16,14:42:00,Cash,473.4,4.761904762,23.67,7.6
800098606,Alex,Yangon,Member,Female,Home and lifestyle,87.37,5,21.8425,458.6925,2019-01-29,19:45:00,Cash,436.85,4.761904762,21.8425,6.6
182527000,Alex,Yangon,Member,Female,Sports and travel,27.04,4,5.408,113.568,2019-01-01,20:26:00,Ewallet,108.16,4.761904762,5.408,6.9
826588051,Cairo,Mandalay,Normal,Male,Home and lifestyle,62.19,4,12.438,261.198,2019-01-06,19:46:00,Ewallet,248.76,4.761904762,12.438,4.3
868060466,Alex,Yangon,Member,Male,Electronic accessories,69.58,9,31.311,657.531,2019-02-19,19:38:00,Credit card,626.22,4.761904762,31.311,7.8
751419720,Giza,Naypyitaw,Normal,Male,Home and lifestyle,97.5,10,48.75,1023.75,2019-01-12,16:18:00,Ewallet,975.0,4.761904762,48.75,8.0
626437888,Giza,Naypyitaw,Normal,Female,Fashion accessories,60.41,8,24.164,507.444,2019-02-07,12:23:00,Ewallet,483.28,4.761904762,24.164,9.6
176647711,Cairo,Mandalay,Normal,Male,Food and beverages,32.32,3,4.848,101.808,2019-03-27,19:11:00,Credit card,96.96,4.761904762,4.848,4.3
191290321,Cairo,Mandalay,Member,Female,Fashion accessories,19.77,10,9.885,207.585,2019-02-27,18:57:00,Credit card,197.7,4.761904762,9.885,5.0
729062010,Cairo,Mandalay,Member,Male,Health and beauty,80.47,9,36.2115,760.4415,2019-01-06,11:18:00,Cash,724.23,4.761904762,36.2115,9.2
640485028,Cairo,Mandalay,Member,Female,Home and lifestyle,88.39,9,39.7755,835.2855,2019-03-02,12:40:00,Cash,795.51,4.761904762,39.7755,6.3
186799562,Cairo,Mandalay,Normal,Male,Health and beauty,71.77,7,25.1195,527.5095,2019-03-29,14:06:00,Cash,502.39,4.761904762,25.1195,8.9
834455519,Cairo,Mandalay,Normal,Female,Electronic accessories,43.0,4,8.6,180.6,2019-01-31,20:48:00,Ewallet,172.0,4.761904762,8.6,7.6
162658559,Giza,Naypyitaw,Member,Male,Food and beverages,68.98,1,3.449,72.429,2019-01-21,20:13:00,Cash,68.98,4.761904762,3.449,4.8
760275490,Giza,Naypyitaw,Normal,Male,Fashion accessories,15.62,8,6.248,131.208,2019-01-20,20:37:00,Ewallet,124.96,4.761904762,6.248,9.1
445309252,Alex,Yangon,Normal,Male,Sports and travel,25.7,3,3.855,80.955,2019-01-17,17:59:00,Ewallet,77.1,4.761904762,3.855,6.1
786942700,Alex,Yangon,Member,Male,Food and beverages,80.62,6,24.186,507.906,2019-02-28,20:18:00,Cash,483.72,4.761904762,24.186,9.1
728887867,Giza,Naypyitaw,Member,Female,Home and lifestyle,75.53,4,15.106,317.226,2019-03-19,15:52:00,Ewallet,302.12,4.761904762,15.106,8.3
183213799,Giza,Naypyitaw,Normal,Female,Electronic accessories,77.63,9,34.9335,733.6035,2019-02-19,15:14:00,Ewallet,698.67,4.761904762,34.9335,7.2
268203585,Giza,Naypyitaw,Normal,Female,Health and beauty,13.85,9,6.2325,130.8825,2019-02-04,12:50:00,Ewallet,124.65,4.761904762,6.2325,6.0
735329839,Giza,Naypyitaw,Member,Male,Fashion accessories,98.7,8,39.48,829.08,2019-01-31,10:36:00,Ewallet,789.6,4.761904762,39.48,8.5
258927466,Alex,Yangon,Normal,Female,Health and beauty,35.68,5,8.92,187.32,2019-02-06,18:33:00,Credit card,178.4,4.761904762,8.92,6.6
857163520,Alex,Yangon,Member,Female,Fashion accessories,71.46,7,25.011,525.231,2019-03-28,16:06:00,Ewallet,500.22,4.761904762,25.011,4.5
482171179,Alex,Yangon,Member,Male,Electronic accessories,11.94,3,1.791,37.611,2019-01-19,12:47:00,Credit card,35.82,4.761904762,1.791,8.1
788215741,Alex,Yangon,Normal,Male,Fashion accessories,45.38,3,6.807,142.947,2019-02-17,13:34:00,Credit card,136.14,4.761904762,6.807,7.2
821149046,Cairo,Mandalay,Member,Female,Fashion accessories,17.48,6,5.244,110.124,2019-01-18,15:04:00,Credit card,104.88,4.761904762,5.244,6.1
418050656,Cairo,Mandalay,Normal,Female,Fashion accessories,25.56,7,8.946,187.866,2019-02-02,20:42:00,Cash,178.92,4.761904762,8.946,7.1
678790726,Giza,Naypyitaw,Member,Female,Sports and travel,90.63,9,40.7835,856.4535,2019-01-18,15:28:00,Cash,815.67,4.761904762,40.7835,5.1
776681096,Cairo,Mandalay,Normal,Male,Home and lifestyle,44.12,3,6.618,138.978,2019-03-18,13:45:00,Credit card,132.36,4.761904762,6.618,7.9
592461692,Giza,Naypyitaw,Member,Female,Food and beverages,36.77,7,12.8695,270.2595,2019-01-11,20:10:00,Cash,257.39,4.761904762,12.8695,7.4
434359162,Cairo,Mandalay,Member,Male,Food and beverages,23.34,4,4.668,98.028,2019-02-04,18:53:00,Ewallet,93.36,4.761904762,4.668,7.4
149140304,Giza,Naypyitaw,Member,Female,Health and beauty,28.5,8,11.4,239.4,2019-02-06,14:24:00,Cash,228.0,4.761904762,11.4,6.6
442446497,Giza,Naypyitaw,Member,Male,Home and lifestyle,55.57,3,8.3355,175.0455,2019-01-08,11:42:00,Credit card,166.71,4.761904762,8.3355,5.9
174640215,Cairo,Mandalay,Normal,Male,Sports and travel,69.74,10,34.87,732.27,2019-03-05,17:49:00,Credit card,697.4,4.761904762,34.87,8.9
210749613,Giza,Naypyitaw,Normal,Male,Fashion accessories,97.26,4,19.452,408.492,2019-03-16,15:33:00,Ewallet,389.04,4.761904762,19.452,6.8
299290180,Cairo,Mandalay,Member,Female,Home and lifestyle,52.18,7,18.263,383.523,2019-03-09,10:54:00,Cash,365.26,4.761904762,18.263,9.3
247112470,Alex,Yangon,Member,Female,Fashion accessories,22.32,4,4.464,93.744,2019-03-01,16:23:00,Credit card,89.28,4.761904762,4.464,4.4
635285728,Alex,Yangon,Normal,Male,Health and beauty,56.0,3,8.4,176.4,2019-02-28,19:33:00,Ewallet,168.0,4.761904762,8.4,4.8
756490168,Alex,Yangon,Member,Male,Fashion accessories,19.7,1,0.985,20.685,2019-02-08,11:39:00,Ewallet,19.7,4.761904762,0.985,9.5
438231242,Cairo,Mandalay,Normal,Male,Electronic accessories,75.88,7,26.558,557.718,2019-01-24,10:38:00,Ewallet,531.16,4.761904762,26.558,8.9
238456950,Cairo,Mandalay,Member,Male,Food and beverages,53.72,1,2.686,56.406,2019-03-01,20:03:00,Ewallet,53.72,4.761904762,2.686,6.4
607652441,Giza,Naypyitaw,Member,Male,Health and beauty,81.95,10,40.975,860.475,2019-03-10,12:39:00,Credit card,819.5,4.761904762,40.975,6.0
386277606,Giza,Naypyitaw,Member,Female,Home and lifestyle,81.2,7,28.42,596.82,2019-03-23,15:59:00,Credit card,568.4,4.761904762,28.42,8.1
137635492,Giza,Naypyitaw,Normal,Male,Electronic accessories,58.76,10,29.38,616.98,2019-01-29,14:26:00,Ewallet,587.6,4.761904762,29.38,9.0
197777132,Cairo,Mandalay,Member,Male,Electronic accessories,91.56,8,36.624,769.104,2019-01-12,18:22:00,Ewallet,732.48,4.761904762,36.624,6.0
805860265,Alex,Yangon,Normal,Male,Home and lifestyle,93.96,9,42.282,887.922,2019-03-20,11:32:00,Cash,845.64,4.761904762,42.282,9.8
733291227,Giza,Naypyitaw,Normal,Male,Home and lifestyle,55.61,7,19.4635,408.7335,2019-03-23,12:41:00,Cash,389.27,4.761904762,19.4635,8.5
451732711,Giza,Naypyitaw,Normal,Male,Food and beverages,84.83,1,4.2415,89.0715,2019-01-14,15:20:00,Ewallet,84.83,4.761904762,4.2415,8.8
373140504,Alex,Yangon,Member,Female,Sports and travel,71.63,2,7.163,150.423,2019-02-12,14:33:00,Ewallet,143.26,4.761904762,7.163,8.8
546802899,Alex,Yangon,Member,Male,Home and lifestyle,37.69,2,3.769,79.149,2019-02-20,15:29:00,Ewallet,75.38,4.761904762,3.769,9.5
345689016,Giza,Naypyitaw,Member,Female,Sports and travel,31.67,8,12.668,266.028,2019-01-02,16:19:00,Credit card,253.36,4.761904762,12.668,5.6
390175806,Giza,Naypyitaw,Member,Female,Food and beverages,38.42,1,1.921,40.341,2019-02-02,16:33:00,Cash,38.42,4.761904762,1.921,8.6
457131708,Cairo,Mandalay,Member,Male,Fashion accessories,65.23,10,32.615,684.915,2019-01-08,19:07:00,Credit card,652.3,4.761904762,32.615,5.2
664142882,Giza,Naypyitaw,Member,Female,Home and lifestyle,10.53,5,2.6325,55.2825,2019-01-30,14:43:00,Credit card,52.65,4.761904762,2.6325,5.8
487796868,Cairo,Mandalay,Member,Female,Home and lifestyle,12.29,9,5.5305,116.1405,2019-03-26,19:28:00,Credit card,110.61,4.761904762,5.5305,8.0
314234520,Giza,Naypyitaw,Member,Male,Health and beauty,81.23,7,28.4305,597.0405,2019-01-15,20:44:00,Cash,568.61,4.761904762,28.4305,9.0
210307976,Cairo,Mandalay,Member,Female,Fashion accessories,22.32,4,4.464,93.744,2019-03-14,11:16:00,Ewallet,89.28,4.761904762,4.464,4.1
585868361,Alex,Yangon,Normal,Female,Food and beverages,27.28,5,6.82,143.22,2019-02-03,10:31:00,Credit card,136.4,4.761904762,6.82,8.6
807147833,Alex,Yangon,Member,Female,Electronic accessories,17.42,10,8.71,182.91,2019-02-22,12:30:00,Ewallet,174.2,4.761904762,8.71,7.0
775721988,Cairo,Mandalay,Normal,Male,Home and lifestyle,73.28,5,18.32,384.72,2019-01-24,15:05:00,Ewallet,366.4,4.761904762,18.32,8.4
288383758,Giza,Naypyitaw,Member,Female,Fashion accessories,84.87,3,12.7305,267.3405,2019-01-25,18:30:00,Ewallet,254.61,4.761904762,12.7305,7.4
652436591,Alex,Yangon,Normal,Female,Fashion accessories,97.29,8,38.916,817.236,2019-03-09,13:18:00,Credit card,778.32,4.761904762,38.916,6.2
785960615,Cairo,Mandalay,Member,Female,Electronic accessories,35.74,8,14.296,300.216,2019-02-17,15:28:00,Ewallet,285.92,4.761904762,14.296,4.9
406467107,Alex,Yangon,Normal,Female,Home and lifestyle,96.52,6,28.956,608.076,2019-01-11,11:52:00,Cash,579.12,4.761904762,28.956,4.5
250175703,Alex,Yangon,Member,Male,Food and beverages,18.85,10,9.425,197.925,2019-02-27,18:24:00,Ewallet,188.5,4.761904762,9.425,5.6
156953964,Alex,Yangon,Normal,Female,Food and beverages,55.39,4,11.078,232.638,2019-03-25,15:19:00,Ewallet,221.56,4.761904762,11.078,8.0
842408179,Cairo,Mandalay,Member,Female,Food and beverages,77.2,10,38.6,810.6,2019-02-11,10:38:00,Credit card,772.0,4.761904762,38.6,5.6
525098450,Cairo,Mandalay,Normal,Male,Electronic accessories,72.13,10,36.065,757.365,2019-01-31,15:12:00,Credit card,721.3,4.761904762,36.065,4.2
410671709,Alex,Yangon,Member,Female,Fashion accessories,63.88,8,25.552,536.592,2019-01-20,17:48:00,Ewallet,511.04,4.761904762,25.552,9.9
587734862,Alex,Yangon,Member,Female,Health and beauty,10.69,5,2.6725,56.1225,2019-03-26,11:07:00,Ewallet,53.45,4.761904762,2.6725,7.6
787872010,Alex,Yangon,Member,Male,Health and beauty,55.5,4,11.1,233.1,2019-01-20,15:48:00,Credit card,222.0,4.761904762,11.1,6.6
593144239,Cairo,Mandalay,Normal,Female,Home and lifestyle,95.46,8,38.184,801.864,2019-03-05,19:40:00,Ewallet,763.68,4.761904762,38.184,4.7
801880346,Giza,Naypyitaw,Normal,Female,Fashion accessories,76.06,3,11.409,239.589,2019-01-05,20:30:00,Credit card,228.18,4.761904762,11.409,9.8
388762555,Cairo,Mandalay,Normal,Male,Sports and travel,13.69,6,4.107,86.247,2019-02-13,13:59:00,Cash,82.14,4.761904762,4.107,6.3
711311234,Cairo,Mandalay,Normal,Female,Electronic accessories,95.64,4,19.128,401.688,2019-03-16,18:51:00,Cash,382.56,4.761904762,19.128,7.9
886546089,Alex,Yangon,Normal,Female,Home and lifestyle,11.43,6,3.429,72.009,2019-01-15,17:24:00,Cash,68.58,4.761904762,3.429,7.7
707327409,Cairo,Mandalay,Member,Female,Sports and travel,95.54,4,19.108,401.268,2019-02-26,11:58:00,Ewallet,382.16,4.761904762,19.108,4.5
759984285,Giza,Naypyitaw,Member,Female,Health and beauty,85.87,7,30.0545,631.1445,2019-02-27,19:01:00,Credit card,601.09,4.761904762,30.0545,8.0
201638275,Giza,Naypyitaw,Member,Female,Sports and travel,67.99,7,23.7965,499.7265,2019-02-17,16:50:00,Ewallet,475.93,4.761904762,23.7965,5.7
471068611,Giza,Naypyitaw,Normal,Female,Food and beverages,52.42,1,2.621,55.041,2019-02-06,10:22:00,Credit card,52.42,4.761904762,2.621,6.3
200165952,Giza,Naypyitaw,Member,Male,Food and beverages,65.65,2,6.565,137.865,2019-01-17,16:46:00,Cash,131.3,4.761904762,6.565,6.0
120542248,Cairo,Mandalay,Normal,Female,Food and beverages,28.86,5,7.215,151.515,2019-01-22,18:08:00,Credit card,144.3,4.761904762,7.215,8.0
102772261,Giza,Naypyitaw,Member,Male,Health and beauty,65.31,7,22.8585,480.0285,2019-03-05,18:02:00,Credit card,457.17,4.761904762,22.8585,4.2
875318302,Cairo,Mandalay,Normal,Male,Sports and travel,93.38,1,4.669,98.049,2019-01-03,13:07:00,Cash,93.38,4.761904762,4.669,9.6
102062002,Giza,Naypyitaw,Member,Male,Sports and travel,25.25,5,6.3125,132.5625,2019-03-20,17:52:00,Cash,126.25,4.761904762,6.3125,6.1
457940464,Cairo,Mandalay,Member,Male,Electronic accessories,87.87,9,39.5415,830.3715,2019-01-31,20:32:00,Ewallet,790.83,4.761904762,39.5415,5.6
629424133,Giza,Naypyitaw,Normal,Male,Health and beauty,21.8,8,8.72,183.12,2019-02-19,19:24:00,Cash,174.4,4.761904762,8.72,8.3
534533526,Alex,Yangon,Normal,Female,Sports and travel,94.76,4,18.952,397.992,2019-02-11,16:06:00,Ewallet,379.04,4.761904762,18.952,7.8
307042070,Alex,Yangon,Member,Female,Fashion accessories,30.62,1,1.531,32.151,2019-02-05,14:14:00,Credit card,30.62,4.761904762,1.531,4.1
468997231,Giza,Naypyitaw,Normal,Female,Home and lifestyle,44.01,8,17.604,369.684,2019-03-03,17:36:00,Cash,352.08,4.761904762,17.604,8.8
516776464,Giza,Naypyitaw,Member,Female,Health and beauty,10.16,5,2.54,53.34,2019-02-24,13:08:00,Ewallet,50.8,4.761904762,2.54,4.1
404915964,Alex,Yangon,Normal,Male,Electronic accessories,74.58,7,26.103,548.163,2019-02-04,16:09:00,Credit card,522.06,4.761904762,26.103,9.0
886779084,Giza,Naypyitaw,Normal,Male,Electronic accessories,71.89,8,28.756,603.876,2019-02-19,11:33:00,Ewallet,575.12,4.761904762,28.756,5.5
790384466,Giza,Naypyitaw,Normal,Female,Health and beauty,10.99,5,2.7475,57.6975,2019-01-23,10:18:00,Credit card,54.95,4.761904762,2.7475,9.3
704104056,Giza,Naypyitaw,Member,Male,Health and beauty,60.47,3,9.0705,190.4805,2019-01-14,10:55:00,Credit card,181.41,4.761904762,9.0705,5.6
497376538,Alex,Yangon,Normal,Male,Sports and travel,58.91,7,20.6185,432.9885,2019-01-17,15:15:00,Ewallet,412.37,4.761904762,20.6185,9.7
651965970,Alex,Yangon,Normal,Male,Fashion accessories,46.41,1,2.3205,48.7305,2019-03-03,20:06:00,Credit card,46.41,4.761904762,2.3205,4.0
400804065,Giza,Naypyitaw,Member,Male,Health and beauty,68.55,4,13.71,287.91,2019-02-15,20:21:00,Credit card,274.2,4.761904762,13.71,9.2
744167898,Cairo,Mandalay,Normal,Female,Home and lifestyle,97.37,10,48.685,1022.385,2019-01-15,13:48:00,Credit card,973.7,4.761904762,48.685,4.9
263125321,Alex,Yangon,Member,Male,Electronic accessories,92.6,7,32.41,680.61,2019-02-27,12:52:00,Credit card,648.2,4.761904762,32.41,9.3
702720487,Alex,Yangon,Normal,Female,Electronic accessories,46.61,2,4.661,97.881,2019-02-26,12:28:00,Credit card,93.22,4.761904762,4.661,6.6
605831050,Cairo,Mandalay,Normal,Male,Fashion accessories,27.18,2,2.718,57.078,2019-03-15,16:26:00,Ewallet,54.36,4.761904762,2.718,4.3
443609639,Giza,Naypyitaw,Member,Female,Home and lifestyle,60.87,1,3.0435,63.9135,2019-01-24,13:24:00,Cash,60.87,4.761904762,3.0435,5.5
864247918,Alex,Yangon,Member,Female,Sports and travel,24.49,10,12.245,257.145,2019-02-22,15:15:00,Cash,244.9,4.761904762,12.245,8.1
359945395,Cairo,Mandalay,Normal,Male,Health and beauty,92.78,1,4.639,97.419,2019-03-15,10:50:00,Credit card,92.78,4.761904762,4.639,9.8
401094232,Giza,Naypyitaw,Member,Male,Home and lifestyle,86.69,5,21.6725,455.1225,2019-02-11,18:38:00,Ewallet,433.45,4.761904762,21.6725,9.4
751156198,Cairo,Mandalay,Normal,Male,Sports and travel,23.01,6,6.903,144.963,2019-01-12,16:45:00,Ewallet,138.06,4.761904762,6.903,7.9
324416833,Giza,Naypyitaw,Member,Female,Electronic accessories,30.2,8,12.08,253.68,2019-03-03,19:30:00,Ewallet,241.6,4.761904762,12.08,5.1
474338305,Giza,Naypyitaw,Member,Male,Fashion accessories,67.39,7,23.5865,495.3165,2019-03-23,13:23:00,Ewallet,471.73,4.761904762,23.5865,6.9
759299521,Alex,Yangon,Member,Female,Fashion accessories,48.96,9,22.032,462.672,2019-03-04,11:27:00,Cash,440.64,4.761904762,22.032,8.0
831816575,Cairo,Mandalay,Member,Female,Electronic accessories,75.59,9,34.0155,714.3255,2019-02-23,11:12:00,Cash,680.31,4.761904762,34.0155,8.0
220686701,Alex,Yangon,Normal,Female,Home and lifestyle,77.47,4,15.494,325.374,2019-03-17,16:36:00,Cash,309.88,4.761904762,15.494,4.2
618348551,Alex,Yangon,Normal,Female,Sports and travel,93.18,2,9.318,195.678,2019-01-16,18:41:00,Credit card,186.36,4.761904762,9.318,8.5
257607754,Alex,Yangon,Normal,Female,Electronic accessories,50.23,4,10.046,210.966,2019-01-08,17:12:00,Cash,200.92,4.761904762,10.046,9.0
559615987,Cairo,Mandalay,Normal,Female,Health and beauty,17.75,1,0.8875,18.6375,2019-01-14,10:38:00,Cash,17.75,4.761904762,0.8875,8.6
189552313,Giza,Naypyitaw,Normal,Female,Fashion accessories,62.18,10,31.09,652.89,2019-01-31,10:33:00,Ewallet,621.8,4.761904762,31.09,6.0
565914567,Cairo,Mandalay,Normal,Male,Health and beauty,10.75,8,4.3,90.3,2019-03-15,14:38:00,Ewallet,86.0,4.761904762,4.3,6.2
380605336,Alex,Yangon,Normal,Female,Electronic accessories,40.26,10,20.13,422.73,2019-02-24,18:06:00,Credit card,402.6,4.761904762,20.13,5.0
815046282,Giza,Naypyitaw,Member,Female,Sports and travel,64.97,5,16.2425,341.0925,2019-02-08,12:52:00,Credit card,324.85,4.761904762,16.2425,6.5
674566360,Alex,Yangon,Normal,Male,Electronic accessories,95.15,1,4.7575,99.9075,2019-03-22,14:00:00,Cash,95.15,4.761904762,4.7575,6.0
778342523,Alex,Yangon,Member,Female,Electronic accessories,48.62,8,19.448,408.408,2019-01-24,10:57:00,Cash,388.96,4.761904762,19.448,5.0
499277781,Cairo,Mandalay,Normal,Female,Food and beverages,53.21,8,21.284,446.964,2019-03-14,16:45:00,Ewallet,425.68,4.761904762,21.284,5.0
477592456,Giza,Naypyitaw,Normal,Female,Fashion accessories,45.44,7,15.904,333.984,2019-01-23,11:15:00,Cash,318.08,4.761904762,15.904,9.2
832516761,Alex,Yangon,Normal,Male,Food and beverages,33.88,8,13.552,284.592,2019-01-19,20:29:00,Ewallet,271.04,4.761904762,13.552,9.6
869113082,Cairo,Mandalay,Member,Male,Health and beauty,96.16,4,19.232,403.872,2019-01-27,20:03:00,Credit card,384.64,4.761904762,19.232,8.4
190593964,Cairo,Mandalay,Member,Male,Food and beverages,47.16,5,11.79,247.59,2019-02-03,14:35:00,Credit card,235.8,4.761904762,11.79,6.0
366436862,Cairo,Mandalay,Normal,Male,Electronic accessories,52.89,4,10.578,222.138,2019-03-25,16:32:00,Ewallet,211.56,4.761904762,10.578,6.7
186438965,Alex,Yangon,Member,Female,Home and lifestyle,47.68,2,4.768,100.128,2019-02-24,10:10:00,Credit card,95.36,4.761904762,4.768,4.1
784219238,Giza,Naypyitaw,Member,Male,Sports and travel,10.17,1,0.5085,10.6785,2019-02-07,14:15:00,Cash,10.17,4.761904762,0.5085,5.9
276756884,Alex,Yangon,Normal,Female,Health and beauty,68.71,3,10.3065,216.4365,2019-03-04,10:05:00,Cash,206.13,4.761904762,10.3065,8.7
109864363,Cairo,Mandalay,Member,Female,Sports and travel,60.08,7,21.028,441.588,2019-02-14,11:36:00,Credit card,420.56,4.761904762,21.028,4.5
569762760,Alex,Yangon,Member,Female,Sports and travel,22.01,4,4.402,92.442,2019-01-29,18:15:00,Credit card,88.04,4.761904762,4.402,6.6
222420244,Cairo,Mandalay,Member,Female,Health and beauty,72.11,9,32.4495,681.4395,2019-01-28,13:53:00,Credit card,648.99,4.761904762,32.4495,7.7
760539233,Alex,Yangon,Member,Male,Fashion accessories,41.28,3,6.192,130.032,2019-03-26,18:37:00,Credit card,123.84,4.761904762,6.192,8.5
538220304,Giza,Naypyitaw,Normal,Male,Electronic accessories,64.95,10,32.475,681.975,2019-03-24,18:27:00,Cash,649.5,4.761904762,32.475,5.2
416179926,Alex,Yangon,Member,Female,Electronic accessories,74.22,10,37.11,779.31,2019-01-01,14:42:00,Credit card,742.2,4.761904762,37.11,4.3
237446163,Alex,Yangon,Normal,Male,Electronic accessories,10.56,8,4.224,88.704,2019-01-24,17:43:00,Cash,84.48,4.761904762,4.224,7.6
636170325,Cairo,Mandalay,Normal,Male,Health and beauty,62.57,4,12.514,262.794,2019-02-25,18:37:00,Cash,250.28,4.761904762,12.514,9.5
343759322,Cairo,Mandalay,Member,Female,Sports and travel,11.85,8,4.74,99.54,2019-01-09,16:34:00,Cash,94.8,4.761904762,4.74,4.1
528149470,Alex,Yangon,Member,Male,Health and beauty,91.3,1,4.565,95.865,2019-02-14,14:42:00,Ewallet,91.3,4.761904762,4.565,9.2
427459297,Cairo,Mandalay,Member,Female,Home and lifestyle,40.73,7,14.2555,299.3655,2019-03-12,11:01:00,Ewallet,285.11,4.761904762,14.2555,5.4
807343742,Alex,Yangon,Normal,Male,Fashion accessories,52.38,1,2.619,54.999,2019-03-26,19:44:00,Cash,52.38,4.761904762,2.619,5.8
288621085,Alex,Yangon,Member,Male,Fashion accessories,38.54,5,9.635,202.335,2019-01-09,13:34:00,Ewallet,192.7,4.761904762,9.635,5.6
670717306,Cairo,Mandalay,Normal,Male,Sports and travel,44.63,6,13.389,281.169,2019-01-02,20:08:00,Credit card,267.78,4.761904762,13.389,5.1
660297083,Giza,Naypyitaw,Normal,Male,Electronic accessories,55.87,10,27.935,586.635,2019-01-15,15:01:00,Cash,558.7,4.761904762,27.935,5.8
271778740,Giza,Naypyitaw,Member,Female,Sports and travel,29.22,6,8.766,184.086,2019-01-01,11:40:00,Ewallet,175.32,4.761904762,8.766,5.0
497360989,Alex,Yangon,Normal,Male,Fashion accessories,51.94,3,7.791,163.611,2019-02-15,15:21:00,Cash,155.82,4.761904762,7.791,7.9
291591384,Cairo,Mandalay,Normal,Male,Electronic accessories,60.3,1,3.015,63.315,2019-02-28,17:38:00,Cash,60.3,4.761904762,3.015,6.0
860736466,Alex,Yangon,Member,Female,Sports and travel,39.47,2,3.947,82.887,2019-03-02,16:16:00,Credit card,78.94,4.761904762,3.947,5.0
549239016,Giza,Naypyitaw,Member,Female,Food and beverages,14.87,2,1.487,31.227,2019-02-13,18:15:00,Credit card,29.74,4.761904762,1.487,8.9
896340956,Alex,Yangon,Normal,Male,Fashion accessories,21.32,1,1.066,22.386,2019-01-26,12:43:00,Cash,21.32,4.761904762,1.066,5.9
804383935,Alex,Yangon,Member,Male,Electronic accessories,93.78,3,14.067,295.407,2019-01-30,11:32:00,Credit card,281.34,4.761904762,14.067,5.9
585900249,Alex,Yangon,Member,Male,Electronic accessories,73.26,1,3.663,76.923,2019-01-27,18:08:00,Ewallet,73.26,4.761904762,3.663,9.7
862295914,Giza,Naypyitaw,Normal,Female,Sports and travel,22.38,1,1.119,23.499,2019-01-30,17:08:00,Credit card,22.38,4.761904762,1.119,8.6
845946841,Giza,Naypyitaw,Member,Female,Food and beverages,72.88,9,32.796,688.716,2019-01-08,19:38:00,Cash,655.92,4.761904762,32.796,4.0
125452293,Alex,Yangon,Normal,Female,Fashion accessories,99.1,6,29.73,624.33,2019-01-19,13:11:00,Cash,594.6,4.761904762,29.73,4.2
843734724,Alex,Yangon,Normal,Male,Fashion accessories,74.1,1,3.705,77.805,2019-01-25,11:05:00,Cash,74.1,4.761904762,3.705,9.2
409339708,Alex,Yangon,Normal,Female,Fashion accessories,98.48,2,9.848,206.808,2019-02-19,10:12:00,Ewallet,196.96,4.761904762,9.848,9.2
658663967,Giza,Naypyitaw,Normal,Male,Health and beauty,53.19,7,18.6165,390.9465,2019-01-14,15:42:00,Ewallet,372.33,4.761904762,18.6165,5.0
866702814,Cairo,Mandalay,Normal,Female,Electronic accessories,52.79,10,26.395,554.295,2019-02-25,11:58:00,Ewallet,527.9,4.761904762,26.395,10.0
160222687,Alex,Yangon,Member,Female,Health and beauty,95.95,5,23.9875,503.7375,2019-01-23,14:21:00,Ewallet,479.75,4.761904762,23.9875,8.8
895036665,Cairo,Mandalay,Normal,Female,Fashion accessories,36.51,9,16.4295,345.0195,2019-02-16,10:52:00,Cash,328.59,4.761904762,16.4295,4.2
770428960,Cairo,Mandalay,Normal,Male,Food and beverages,21.12,8,8.448,177.408,2019-01-01,19:31:00,Cash,168.96,4.761904762,8.448,6.3
748452862,Alex,Yangon,Member,Female,Home and lifestyle,28.31,4,5.662,118.902,2019-03-07,18:35:00,Cash,113.24,4.761904762,5.662,8.2
234362483,Cairo,Mandalay,Normal,Male,Health and beauty,57.59,6,17.277,362.817,2019-02-15,13:51:00,Cash,345.54,4.761904762,17.277,5.1
316663011,Alex,Yangon,Member,Female,Food and beverages,47.63,9,21.4335,450.1035,2019-01-23,12:35:00,Cash,428.67,4.761904762,21.4335,5.0
848956252,Giza,Naypyitaw,Member,Female,Home and lifestyle,86.27,1,4.3135,90.5835,2019-02-20,13:24:00,Ewallet,86.27,4.761904762,4.3135,7.0
840765966,Alex,Yangon,Member,Male,Sports and travel,12.76,2,1.276,26.796,2019-01-08,18:06:00,Ewallet,25.52,4.761904762,1.276,7.8
152034217,Cairo,Mandalay,Normal,Female,Home and lifestyle,11.28,9,5.076,106.596,2019-03-17,11:55:00,Credit card,101.52,4.761904762,5.076,4.3
533665566,Cairo,Mandalay,Normal,Female,Home and lifestyle,51.07,7,17.8745,375.3645,2019-01-12,11:42:00,Cash,357.49,4.761904762,17.8745,7.0
124311458,Alex,Yangon,Member,Female,Electronic accessories,79.59,3,11.9385,250.7085,2019-01-08,14:30:00,Cash,238.77,4.761904762,11.9385,6.6
176781170,Giza,Naypyitaw,Member,Male,Health and beauty,33.81,3,5.0715,106.5015,2019-01-26,15:11:00,Ewallet,101.43,4.761904762,5.0715,7.3
361590574,Cairo,Mandalay,Member,Male,Sports and travel,90.53,8,36.212,760.452,2019-03-15,14:48:00,Credit card,724.24,4.761904762,36.212,6.5
101814070,Giza,Naypyitaw,Member,Female,Health and beauty,62.82,2,6.282,131.922,2019-01-17,12:36:00,Ewallet,125.64,4.761904762,6.282,4.9
631341880,Giza,Naypyitaw,Member,Male,Food and beverages,24.31,3,3.6465,76.5765,2019-01-08,19:09:00,Credit card,72.93,4.761904762,3.6465,4.3
852822749,Alex,Yangon,Normal,Male,Sports and travel,64.59,4,12.918,271.278,2019-01-06,13:35:00,Ewallet,258.36,4.761904762,12.918,9.3
873146353,Alex,Yangon,Member,Male,Food and beverages,24.82,7,8.687,182.427,2019-02-16,10:33:00,Credit card,173.74,4.761904762,8.687,7.1
584664073,Giza,Naypyitaw,Normal,Male,Fashion accessories,56.5,1,2.825,59.325,2019-03-13,15:45:00,Ewallet,56.5,4.761904762,2.825,9.6
544559589,Cairo,Mandalay,Member,Female,Electronic accessories,21.43,10,10.715,225.015,2019-01-28,11:51:00,Cash,214.3,4.761904762,10.715,6.2
166192553,Alex,Yangon,Member,Male,Sports and travel,89.06,6,26.718,561.078,2019-01-18,17:26:00,Cash,534.36,4.761904762,26.718,9.9
737885876,Alex,Yangon,Member,Male,Home and lifestyle,23.29,4,4.658,97.818,2019-03-19,11:52:00,Credit card,93.16,4.761904762,4.658,5.9
154877367,Giza,Naypyitaw,Normal,Male,Home and lifestyle,65.26,8,26.104,548.184,2019-03-15,14:04:00,Ewallet,522.08,4.761904762,26.104,6.3
885560389,Giza,Naypyitaw,Member,Male,Fashion accessories,52.35,1,2.6175,54.9675,2019-02-12,17:49:00,Cash,52.35,4.761904762,2.6175,4.0
608053804,Cairo,Mandalay,Member,Male,Electronic accessories,39.75,1,1.9875,41.7375,2019-02-25,20:19:00,Cash,39.75,4.761904762,1.9875,6.1
448613783,Alex,Yangon,Normal,Female,Electronic accessories,90.02,8,36.008,756.168,2019-03-21,16:08:00,Credit card,720.16,4.761904762,36.008,4.5
761490439,Cairo,Mandalay,Member,Female,Electronic accessories,12.1,8,4.84,101.64,2019-01-19,10:17:00,Ewallet,96.8,4.761904762,4.84,8.6
490950021,Cairo,Mandalay,Member,Female,Food and beverages,33.21,10,16.605,348.705,2019-01-08,14:25:00,Ewallet,332.1,4.761904762,16.605,6.0
115387388,Giza,Naypyitaw,Member,Female,Fashion accessories,10.18,8,4.072,85.512,2019-03-30,12:51:00,Credit card,81.44,4.761904762,4.072,9.5
311136971,Cairo,Mandalay,Member,Male,Sports and travel,31.99,10,15.995,335.895,2019-02-20,15:18:00,Credit card,319.9,4.761904762,15.995,9.9
291556563,Alex,Yangon,Member,Female,Home and lifestyle,34.42,6,10.326,216.846,2019-03-30,12:45:00,Ewallet,206.52,4.761904762,10.326,7.5
548483156,Alex,Yangon,Member,Female,Food and beverages,83.34,2,8.334,175.014,2019-03-19,13:37:00,Cash,166.68,4.761904762,8.334,7.6
460935834,Alex,Yangon,Normal,Male,Sports and travel,45.58,7,15.953,335.013,2019-01-13,10:03:00,Cash,319.06,4.761904762,15.953,5.0
325894209,Alex,Yangon,Member,Male,Food and beverages,87.9,1,4.395,92.295,2019-02-05,19:42:00,Ewallet,87.9,4.761904762,4.395,6.7
884806021,Alex,Yangon,Member,Female,Electronic accessories,73.47,10,36.735,771.435,2019-03-23,13:14:00,Ewallet,734.7,4.761904762,36.735,9.5
137748729,Giza,Naypyitaw,Normal,Female,Fashion accessories,12.19,8,4.876,102.396,2019-03-13,12:47:00,Ewallet,97.52,4.761904762,4.876,6.8
880465796,Alex,Yangon,Member,Male,Sports and travel,76.92,10,38.46,807.66,2019-03-17,19:53:00,Ewallet,769.2,4.761904762,38.46,5.6
389702397,Giza,Naypyitaw,Normal,Female,Health and beauty,83.66,5,20.915,439.215,2019-02-21,10:26:00,Cash,418.3,4.761904762,20.915,7.2
114355271,Cairo,Mandalay,Normal,Female,Electronic accessories,57.91,8,23.164,486.444,2019-02-07,15:06:00,Cash,463.28,4.761904762,23.164,8.1
607766216,Giza,Naypyitaw,Member,Female,Fashion accessories,92.49,5,23.1225,485.5725,2019-03-02,16:35:00,Credit card,462.45,4.761904762,23.1225,8.6
715201673,Cairo,Mandalay,Normal,Male,Electronic accessories,28.38,5,7.095,148.995,2019-03-06,20:57:00,Cash,141.9,4.761904762,7.095,9.4
811351094,Cairo,Mandalay,Member,Male,Electronic accessories,50.45,6,15.135,317.835,2019-02-06,15:16:00,Credit card,302.7,4.761904762,15.135,8.9
699881972,Cairo,Mandalay,Normal,Male,Health and beauty,99.16,8,39.664,832.944,2019-01-28,17:47:00,Credit card,793.28,4.761904762,39.664,4.2
781848059,Giza,Naypyitaw,Normal,Male,Fashion accessories,60.74,7,21.259,446.439,2019-01-18,16:23:00,Ewallet,425.18,4.761904762,21.259,5.0
409496995,Giza,Naypyitaw,Member,Female,Food and beverages,47.27,6,14.181,297.801,2019-02-05,10:17:00,Cash,283.62,4.761904762,14.181,8.8
725540677,Giza,Naypyitaw,Member,Male,Health and beauty,85.6,7,29.96,629.16,2019-03-02,13:50:00,Cash,599.2,4.761904762,29.96,5.3
146095432,Alex,Yangon,Member,Male,Food and beverages,35.04,9,15.768,331.128,2019-02-09,19:17:00,Ewallet,315.36,4.761904762,15.768,4.6
377797592,Giza,Naypyitaw,Member,Female,Electronic accessories,44.84,9,20.178,423.738,2019-01-14,14:00:00,Credit card,403.56,4.761904762,20.178,7.5
509100516,Cairo,Mandalay,Normal,Male,Home and lifestyle,45.97,4,9.194,193.074,2019-02-09,12:02:00,Ewallet,183.88,4.761904762,9.194,5.1
595949924,Alex,Yangon,Member,Female,Health and beauty,27.73,5,6.9325,145.5825,2019-03-26,20:21:00,Credit card,138.65,4.761904762,6.9325,4.2
865419075,Alex,Yangon,Normal,Male,Food and beverages,11.53,7,4.0355,84.7455,2019-01-28,17:35:00,Cash,80.71,4.761904762,4.0355,8.1
545078534,Giza,Naypyitaw,Normal,Female,Health and beauty,58.32,2,5.832,122.472,2019-02-14,12:42:00,Ewallet,116.64,4.761904762,5.832,6.0
118621812,Giza,Naypyitaw,Member,Female,Home and lifestyle,78.38,4,15.676,329.196,2019-03-24,17:56:00,Cash,313.52,4.761904762,15.676,7.9
450423339,Giza,Naypyitaw,Normal,Male,Health and beauty,84.61,10,42.305,888.405,2019-02-09,18:58:00,Credit card,846.1,4.761904762,42.305,8.8
851983555,Cairo,Mandalay,Normal,Female,Health and beauty,82.88,5,20.72,435.12,2019-03-24,14:08:00,Credit card,414.4,4.761904762,20.72,6.6
186715196,Alex,Yangon,Member,Female,Food and beverages,79.54,2,7.954,167.034,2019-03-27,16:30:00,Ewallet,159.08,4.761904762,7.954,6.2
624018356,Cairo,Mandalay,Normal,Female,Home and lifestyle,49.01,10,24.505,514.605,2019-01-27,10:44:00,Credit card,490.1,4.761904762,24.505,4.2
313669943,Cairo,Mandalay,Member,Female,Food and beverages,29.15,3,4.3725,91.8225,2019-03-27,20:29:00,Credit card,87.45,4.761904762,4.3725,7.3
151278496,Giza,Naypyitaw,Normal,Female,Electronic accessories,56.13,4,11.226,235.746,2019-01-19,11:43:00,Ewallet,224.52,4.761904762,11.226,8.6
453336436,Alex,Yangon,Normal,Female,Home and lifestyle,93.12,8,37.248,782.208,2019-02-07,10:09:00,Cash,744.96,4.761904762,37.248,6.8
522578364,Alex,Yangon,Member,Male,Fashion accessories,51.34,8,20.536,431.256,2019-01-31,10:00:00,Ewallet,410.72,4.761904762,20.536,7.6
459452396,Alex,Yangon,Member,Female,Food and beverages,99.6,3,14.94,313.74,2019-02-25,18:45:00,Cash,298.8,4.761904762,14.94,5.8
717964189,Giza,Naypyitaw,Normal,Female,Electronic accessories,35.49,6,10.647,223.587,2019-02-02,12:40:00,Cash,212.94,4.761904762,10.647,4.1
722132115,Giza,Naypyitaw,Member,Male,Sports and travel,42.85,1,2.1425,44.9925,2019-03-14,15:36:00,Credit card,42.85,4.761904762,2.1425,9.3
749818133,Alex,Yangon,Normal,Female,Fashion accessories,94.67,4,18.934,397.614,2019-03-11,12:04:00,Cash,378.68,4.761904762,18.934,6.8
777672495,Cairo,Mandalay,Normal,Male,Home and lifestyle,68.97,3,10.3455,217.2555,2019-02-22,11:26:00,Ewallet,206.91,4.761904762,10.3455,8.7
636983364,Cairo,Mandalay,Member,Female,Electronic accessories,26.26,3,3.939,82.719,2019-03-02,12:36:00,Ewallet,78.78,4.761904762,3.939,6.3
246556923,Giza,Naypyitaw,Member,Female,Home and lifestyle,35.79,9,16.1055,338.2155,2019-03-10,15:06:00,Credit card,322.11,4.761904762,16.1055,5.1
181826255,Cairo,Mandalay,Normal,Female,Home and lifestyle,16.37,6,4.911,103.131,2019-02-08,10:58:00,Cash,98.22,4.761904762,4.911,7.0
838021821,Giza,Naypyitaw,Member,Female,Home and lifestyle,12.73,2,1.273,26.733,2019-02-22,12:10:00,Credit card,25.46,4.761904762,1.273,5.2
887420517,Giza,Naypyitaw,Normal,Female,Sports and travel,83.14,7,29.099,611.079,2019-01-10,10:31:00,Credit card,581.98,4.761904762,29.099,6.6
457120244,Giza,Naypyitaw,Member,Female,Sports and travel,35.22,6,10.566,221.886,2019-03-14,13:49:00,Ewallet,211.32,4.761904762,10.566,6.5
226340034,Cairo,Mandalay,Normal,Female,Electronic accessories,13.78,4,2.756,57.876,2019-01-10,11:10:00,Ewallet,55.12,4.761904762,2.756,9.0
321497382,Cairo,Mandalay,Member,Male,Sports and travel,88.31,1,4.4155,92.7255,2019-02-15,17:38:00,Credit card,88.31,4.761904762,4.4155,5.2
397258725,Alex,Yangon,Member,Female,Health and beauty,39.62,9,17.829,374.409,2019-01-13,17:54:00,Credit card,356.58,4.761904762,17.829,6.8
431662305,Cairo,Mandalay,Normal,Female,Electronic accessories,88.25,9,39.7125,833.9625,2019-02-15,20:51:00,Credit card,794.25,4.761904762,39.7125,7.6
825945922,Cairo,Mandalay,Normal,Male,Sports and travel,25.31,2,2.531,53.151,2019-03-02,19:26:00,Ewallet,50.62,4.761904762,2.531,7.2
641627288,Cairo,Mandalay,Normal,Male,Home and lifestyle,99.92,6,29.976,629.496,2019-03-24,13:33:00,Ewallet,599.52,4.761904762,29.976,7.1
756931854,Giza,Naypyitaw,Member,Female,Fashion accessories,83.35,2,8.335,175.035,2019-02-02,14:05:00,Credit card,166.7,4.761904762,8.335,9.5
243558457,Alex,Yangon,Normal,Female,Food and beverages,74.44,10,37.22,781.62,2019-02-27,11:40:00,Ewallet,744.4,4.761904762,37.22,5.1
458108612,Giza,Naypyitaw,Normal,Male,Health and beauty,64.08,7,22.428,470.988,2019-01-20,12:27:00,Ewallet,448.56,4.761904762,22.428,7.6
501611753,Cairo,Mandalay,Normal,Female,Home and lifestyle,63.15,6,18.945,397.845,2019-01-03,20:24:00,Ewallet,378.9,4.761904762,18.945,9.8
235068510,Giza,Naypyitaw,Member,Male,Home and lifestyle,85.72,3,12.858,270.018,2019-01-24,20:59:00,Ewallet,257.16,4.761904762,12.858,5.1
433087822,Giza,Naypyitaw,Normal,Female,Health and beauty,78.89,7,27.6115,579.8415,2019-01-05,19:48:00,Ewallet,552.23,4.761904762,27.6115,7.5
361852571,Alex,Yangon,Normal,Female,Sports and travel,89.48,5,22.37,469.77,2019-03-30,10:18:00,Cash,447.4,4.761904762,22.37,7.4
131708179,Alex,Yangon,Member,Female,Health and beauty,92.09,3,13.8135,290.0835,2019-02-17,16:27:00,Cash,276.27,4.761904762,13.8135,4.2
500022261,Giza,Naypyitaw,Normal,Female,Food and beverages,57.29,6,17.187,360.927,2019-03-21,17:04:00,Ewallet,343.74,4.761904762,17.187,5.9
720722436,Alex,Yangon,Normal,Male,Food and beverages,66.52,4,13.304,279.384,2019-03-02,18:14:00,Ewallet,266.08,4.761904762,13.304,6.9
702835291,Giza,Naypyitaw,Member,Male,Fashion accessories,99.82,9,44.919,943.299,2019-03-27,10:43:00,Cash,898.38,4.761904762,44.919,6.6
809699497,Alex,Yangon,Normal,Female,Home and lifestyle,45.68,10,22.84,479.64,2019-01-19,19:30:00,Ewallet,456.8,4.761904762,22.84,5.7
449166770,Alex,Yangon,Normal,Male,Health and beauty,50.79,5,12.6975,266.6475,2019-02-19,14:53:00,Credit card,253.95,4.761904762,12.6975,5.3
333232632,Alex,Yangon,Member,Male,Health and beauty,10.08,7,3.528,74.088,2019-03-28,20:14:00,Cash,70.56,4.761904762,3.528,4.2
489821237,Alex,Yangon,Normal,Female,Electronic accessories,93.88,7,32.858,690.018,2019-01-05,11:51:00,Credit card,657.16,4.761904762,32.858,7.3
859976048,Giza,Naypyitaw,Member,Male,Electronic accessories,84.25,2,8.425,176.925,2019-03-26,14:13:00,Credit card,168.5,4.761904762,8.425,5.3
676102200,Cairo,Mandalay,Member,Male,Fashion accessories,53.78,1,2.689,56.469,2019-02-03,20:13:00,Ewallet,53.78,4.761904762,2.689,4.7
373881424,Giza,Naypyitaw,Member,Male,Home and lifestyle,35.81,5,8.9525,188.0025,2019-02-06,18:44:00,Ewallet,179.05,4.761904762,8.9525,7.9
365164334,Cairo,Mandalay,Normal,Female,Food and beverages,26.43,8,10.572,222.012,2019-02-24,14:26:00,Ewallet,211.44,4.761904762,10.572,8.9
503214385,Cairo,Mandalay,Member,Male,Health and beauty,39.91,3,5.9865,125.7165,2019-02-21,12:40:00,Ewallet,119.73,4.761904762,5.9865,9.3
305892768,Cairo,Mandalay,Member,Female,Home and lifestyle,21.9,3,3.285,68.985,2019-01-09,18:43:00,Ewallet,65.7,4.761904762,3.285,4.7
574801489,Cairo,Mandalay,Member,Female,Food and beverages,62.85,4,12.57,263.97,2019-02-25,13:22:00,Ewallet,251.4,4.761904762,12.57,8.7
784080310,Giza,Naypyitaw,Member,Female,Food and beverages,21.04,4,4.208,88.368,2019-01-13,13:58:00,Cash,84.16,4.761904762,4.208,7.6
200406154,Cairo,Mandalay,Member,Male,Home and lifestyle,65.91,6,19.773,415.233,2019-02-09,11:45:00,Cash,395.46,4.761904762,19.773,5.7
846100341,Alex,Yangon,Normal,Female,Fashion accessories,42.57,7,14.8995,312.8895,2019-01-06,11:51:00,Cash,297.99,4.761904762,14.8995,6.8
577347579,Giza,Naypyitaw,Member,Male,Food and beverages,50.49,9,22.7205,477.1305,2019-01-10,17:16:00,Cash,454.41,4.761904762,22.7205,5.4
430023888,Cairo,Mandalay,Normal,Male,Electronic accessories,46.02,6,13.806,289.926,2019-02-07,15:55:00,Cash,276.12,4.761904762,13.806,7.1
867471948,Giza,Naypyitaw,Normal,Female,Home and lifestyle,15.8,10,7.9,165.9,2019-01-09,12:07:00,Cash,158.0,4.761904762,7.9,7.8
384596655,Alex,Yangon,Member,Female,Food and beverages,98.66,9,44.397,932.337,2019-02-19,15:07:00,Cash,887.94,4.761904762,44.397,8.4
256583609,Giza,Naypyitaw,Member,Male,Fashion accessories,91.98,1,4.599,96.579,2019-03-18,15:29:00,Cash,91.98,4.761904762,4.599,9.8
324923863,Alex,Yangon,Member,Male,Electronic accessories,20.89,2,2.089,43.869,2019-02-05,18:45:00,Cash,41.78,4.761904762,2.089,9.8
593085916,Alex,Yangon,Normal,Female,Fashion accessories,15.5,1,0.775,16.275,2019-03-19,15:23:00,Credit card,15.5,4.761904762,0.775,7.4
364342972,Giza,Naypyitaw,Member,Male,Electronic accessories,96.82,3,14.523,304.983,2019-03-30,20:37:00,Cash,290.46,4.761904762,14.523,6.7
794423736,Cairo,Mandalay,Normal,Male,Food and beverages,33.33,2,3.333,69.993,2019-01-26,14:41:00,Credit card,66.66,4.761904762,3.333,6.4
172428274,Cairo,Mandalay,Normal,Female,Electronic accessories,38.27,2,3.827,80.367,2019-03-02,18:18:00,Credit card,76.54,4.761904762,3.827,5.8
558605016,Alex,Yangon,Normal,Female,Home and lifestyle,33.3,9,14.985,314.685,2019-03-04,15:27:00,Ewallet,299.7,4.761904762,14.985,7.2
195060432,Alex,Yangon,Member,Male,Home and lifestyle,81.01,3,12.1515,255.1815,2019-01-13,12:55:00,Credit card,243.03,4.761904762,12.1515,9.3
605032706,Alex,Yangon,Normal,Female,Health and beauty,15.8,3,2.37,49.77,2019-03-25,18:02:00,Cash,47.4,4.761904762,2.37,9.5
214302776,Cairo,Mandalay,Member,Female,Electronic accessories,34.49,5,8.6225,181.0725,2019-03-11,19:44:00,Credit card,172.45,4.761904762,8.6225,9.0
746041077,Cairo,Mandalay,Member,Female,Food and beverages,84.63,10,42.315,888.615,2019-01-01,11:36:00,Credit card,846.3,4.761904762,42.315,9.0
448348700,Cairo,Mandalay,Member,Male,Home and lifestyle,36.91,7,12.9185,271.2885,2019-02-10,13:51:00,Ewallet,258.37,4.761904762,12.9185,6.7
452048808,Cairo,Mandalay,Normal,Male,Electronic accessories,87.08,7,30.478,640.038,2019-01-26,15:17:00,Cash,609.56,4.761904762,30.478,5.5
531564728,Alex,Yangon,Normal,Male,Home and lifestyle,80.08,3,12.012,252.252,2019-02-11,15:29:00,Cash,240.24,4.761904762,12.012,5.4
744829138,Giza,Naypyitaw,Normal,Male,Fashion accessories,86.13,2,8.613,180.873,2019-02-07,17:59:00,Cash,172.26,4.761904762,8.613,8.2
883691285,Cairo,Mandalay,Member,Male,Fashion accessories,49.92,2,4.992,104.832,2019-03-06,11:55:00,Credit card,99.84,4.761904762,4.992,7.0
221255073,Alex,Yangon,Normal,Female,Food and beverages,74.66,4,14.932,313.572,2019-03-04,10:39:00,Cash,298.64,4.761904762,14.932,8.5
518716847,Cairo,Mandalay,Member,Male,Food and beverages,26.6,6,7.98,167.58,2019-02-26,15:10:00,Ewallet,159.6,4.761904762,7.98,4.9
156200370,Cairo,Mandalay,Normal,Female,Electronic accessories,25.45,1,1.2725,26.7225,2019-03-10,18:10:00,Credit card,25.45,4.761904762,1.2725,5.1
151337434,Cairo,Mandalay,Normal,Female,Food and beverages,67.77,1,3.3885,71.1585,2019-02-04,20:43:00,Credit card,67.77,4.761904762,3.3885,6.5
728479078,Giza,Naypyitaw,Member,Male,Food and beverages,59.59,4,11.918,250.278,2019-01-19,12:46:00,Cash,238.36,4.761904762,11.918,9.8
809461866,Alex,Yangon,Normal,Male,Health and beauty,58.15,4,11.63,244.23,2019-01-23,17:44:00,Cash,232.6,4.761904762,11.63,8.4
139324183,Alex,Yangon,Member,Female,Sports and travel,97.48,9,43.866,921.186,2019-03-14,14:19:00,Ewallet,877.32,4.761904762,43.866,7.4
148417930,Giza,Naypyitaw,Normal,Male,Health and beauty,99.96,7,34.986,734.706,2019-01-23,10:33:00,Cash,699.72,4.761904762,34.986,6.1
189405216,Giza,Naypyitaw,Normal,Male,Electronic accessories,96.37,7,33.7295,708.3195,2019-01-09,11:40:00,Cash,674.59,4.761904762,33.7295,6.0
374385555,Cairo,Mandalay,Normal,Female,Fashion accessories,63.71,5,15.9275,334.4775,2019-02-07,19:30:00,Ewallet,318.55,4.761904762,15.9275,8.5
764448999,Cairo,Mandalay,Normal,Female,Health and beauty,14.76,2,1.476,30.996,2019-02-18,14:42:00,Ewallet,29.52,4.761904762,1.476,4.3
552445977,Cairo,Mandalay,Member,Male,Health and beauty,62.0,8,24.8,520.8,2019-01-03,19:08:00,Credit card,496.0,4.761904762,24.8,6.2
267627380,Giza,Naypyitaw,Member,Male,Electronic accessories,82.34,10,41.17,864.57,2019-03-29,19:12:00,Ewallet,823.4,4.761904762,41.17,4.3
430534718,Cairo,Mandalay,Member,Male,Health and beauty,75.37,8,30.148,633.108,2019-01-28,15:46:00,Credit card,602.96,4.761904762,30.148,8.4
886182897,Alex,Yangon,Normal,Female,Food and beverages,56.56,5,14.14,296.94,2019-03-22,19:06:00,Credit card,282.8,4.761904762,14.14,4.5
602166955,Cairo,Mandalay,Normal,Female,Sports and travel,76.6,10,38.3,804.3,2019-01-24,18:10:00,Ewallet,766.0,4.761904762,38.3,6.0
745740715,Alex,Yangon,Normal,Male,Electronic accessories,58.03,2,5.803,121.863,2019-03-10,20:46:00,Ewallet,116.06,4.761904762,5.803,8.8
690016631,Cairo,Mandalay,Normal,Male,Fashion accessories,17.49,10,8.745,183.645,2019-02-22,18:35:00,Ewallet,174.9,4.761904762,8.745,6.6
652496720,Giza,Naypyitaw,Member,Female,Electronic accessories,60.95,1,3.0475,63.9975,2019-02-18,11:40:00,Ewallet,60.95,4.761904762,3.0475,5.9
233675758,Giza,Naypyitaw,Normal,Male,Health and beauty,40.35,1,2.0175,42.3675,2019-01-29,13:46:00,Ewallet,40.35,4.761904762,2.0175,6.2
303962227,Cairo,Mandalay,Normal,Female,Home and lifestyle,97.38,10,48.69,1022.49,2019-03-02,17:16:00,Ewallet,973.8,4.761904762,48.69,4.4
727021313,Alex,Yangon,Member,Male,Food and beverages,31.84,1,1.592,33.432,2019-02-09,13:22:00,Cash,31.84,4.761904762,1.592,7.7
347562442,Alex,Yangon,Normal,Male,Home and lifestyle,65.82,1,3.291,69.111,2019-02-22,15:33:00,Cash,65.82,4.761904762,3.291,4.1
849093807,Alex,Yangon,Member,Female,Fashion accessories,88.34,7,30.919,649.299,2019-02-18,13:28:00,Cash,618.38,4.761904762,30.919,6.6
